protocol,bandwidth,delay,qmult,run,avg_thr,avg_goodput,avg_srtt,std_thr,std_goodput,std_srtt,avg_retr,std_retr,efficiency_thr,efficiency_gdp,efficiency_rtt,efficiency_q_avg,efficiency_q_std,jain_goodput_20,jain_goodput_total
cubic,100,41,0.02,1,78.17561599999999,75.04701590938501,82.68486275484834,5.5707277349698305,5.6042736652150555,0.40418944478276525,0.000234,0.000396038275662181,0.7817561599999999,0.7504701590938501,0.9917171930625454,0.7819796,0.05568638532866567,0.5882213385254731,1.145273324081998
cubic,100,41,0.02,2,88.905088,84.856017392985,82.74137403314917,3.2902306831838133,3.0751346265745516,0.3846745667004789,0.000282,0.0004974841970513128,0.8890508800000001,0.84856017392985,0.991039863166254,0.88931932,0.032843685540508226,0.9115526505762046,0.5948852498096211
cubic,100,41,0.02,3,88.042224,85.38999681050001,82.64571368765927,4.902312077169516,3.8694142594846497,0.30912616371473245,0.00037152,0.0007045834137611873,0.88042224,0.8538999681050001,0.9921869670083606,0.8807597200000001,0.049276737325538375,1.2981189534342656,1.1882342812906301
cubic,100,41,0.02,4,86.373744,83.539996535305,82.52164602487832,6.126306942076159,5.624824801016933,0.3080492714894749,0.00032399999999999996,0.0007738788154825221,0.86373744,0.83539996535305,0.9936786764442258,0.8640465199999999,0.06125459214663096,0.5656166015716725,0.778811053391004
cubic,100,41,0.02,5,88.182184,83.512728765585,82.62122772108845,5.156477904737528,6.516514314796794,0.23764710119404148,0.00024000000000000003,0.0005547118740011743,0.8818218400000001,0.83512728765585,0.992481015615193,0.8820514000000002,0.05161102483731453,3.0865385765843913,1.4747941520403471
cubic,100,41,0.04,1,89.47035199999999,86.51227807656,82.58576727680239,4.822045899785474,4.4214382624801765,0.49087647462812817,0.00011399999999999999,0.00028470483330154966,0.8947035199999999,0.8651227807655999,0.9929071643199842,0.89481228,0.04839609373242301,0.8354692485045959,0.6246364502070351
cubic,100,41,0.04,2,89.920708,87.21681456580502,82.72763990615118,6.0352448672928976,5.679557508134236,0.5644541197134166,0.00020400000000000003,0.00041587447498899046,0.89920708,0.8721681456580502,0.9912043918214439,0.8993446800000001,0.06042489670515834,2.2274042853166423,1.3796058765348513
cubic,100,41,0.04,3,90.35229600000001,88.819907294465,82.7092695179046,5.676233768182638,4.964923384614664,0.5186651864204048,0.000264,0.0007505114045909312,0.9035229600000001,0.88819907294465,0.9914245462202872,0.9037743999999999,0.056589757826510975,2.7244496117302153,1.3415200306423514
cubic,100,41,0.04,4,89.70272399999998,86.493407515545,82.56169723404255,5.147511632172538,4.005561632090179,0.5295689743843588,0.00016764,0.00027288135536394415,0.8970272399999998,0.8649340751554501,0.9931966365413942,0.8971868000000001,0.05221187559110526,0.6471096210489438,0.42819133086196803
cubic,100,41,0.04,5,88.659888,85.84950597831,82.66019435765485,5.971892621329567,4.473311512080409,0.5678645586169573,0.00022176000000000002,0.0005167848523118179,0.88659888,0.8584950597831,0.9920131526088808,0.88681112,0.0599741763442409,1.5771765583156918,1.5456441204547904
cubic,100,41,0.06,1,91.87763599999998,87.85570057089501,83.28620584530108,3.612284406775828,4.39555697133285,1.3614650848175727,0.000276,0.0009014514611681015,0.9187763599999998,0.8785570057089501,0.9845567962635958,0.9190393599999999,0.036278055311055456,0.7948590399644953,0.8684134571598104
cubic,100,41,0.06,2,91.99013599999999,88.132984994455,83.21330881240546,4.368637714396369,6.06901556752105,1.1051054424456594,0.000126,0.00040921490943667134,0.9199013599999999,0.88132984994455,0.9854192937437362,0.9200214800000002,0.04378694076059909,0.5680950349814807,1.0531462568413976
cubic,100,41,0.06,3,91.84672,89.92183568342,83.07791663938451,4.594314334676125,4.588159768448959,1.28880968104167,0.00028799999999999995,0.0009531863461707346,0.9184672,0.8992183568342,0.9870252326612449,0.91874156,0.04592238346022328,0.6925936049348824,0.8666639390414435
cubic,100,41,0.06,4,91.03476800000001,87.561967952395,82.91540082231785,5.067212678786921,4.325981330708787,0.8214317773276854,0.00039000000000000005,0.0010467694664010188,0.9103476800000001,0.8756196795239499,0.9889598215381061,0.9107186799999999,0.050362859719833,0.5766887203256578,1.5745013697903243
cubic,100,41,0.06,5,87.961032,85.055905940135,82.74216846424383,5.269035549637444,6.062551424910979,0.8709384326229557,0.00037200000000000004,0.0009391687253826346,0.8796103200000001,0.85055905940135,0.9910303479106357,0.8799649199999999,0.05265721700157688,1.247861499629542,0.882155095498953
cubic,100,41,0.08,1,92.76258800000001,89.70543991753499,83.72675759973625,4.42027995099334,4.227664004880082,2.04266450838524,0.000198,0.0004125351659651511,0.9276258800000001,0.8970543991753499,0.9793762752883471,0.9279812399999999,0.044825301026592476,1.9965896729815984,1.6986014989603533
cubic,100,41,0.08,2,90.25323999999999,88.82643266535999,83.24587397034598,4.947239010842309,4.11055011496854,1.6223204881222717,0.00010200000000000001,0.00035952600374440375,0.9025323999999999,0.8882643266535999,0.9850338051494325,0.9028013600000001,0.04963687379924854,0.6663191605987306,1.4803239517034275
cubic,100,41,0.08,3,92.475032,88.38534444077,83.36574778819929,4.872019561962284,5.220093611709616,1.88462469589516,0.000162,0.00034882660448996714,0.92475032,0.8838534444077,0.9836173989386009,0.9249045600000001,0.049813608062798505,0.6277750777186833,0.5222933851230246
cubic,100,41,0.08,4,90.791168,87.29997905396499,83.36982196621994,5.713249303473278,5.432870682127266,1.6408440665143638,0.00016199999999999998,0.00039565535241512504,0.90791168,0.8729997905396499,0.9835693307972401,0.9080660399999999,0.05764714943847156,0.8907158044026938,0.8628162563305402
cubic,100,41,0.08,5,90.29915600000001,86.85526048803,82.92947157964309,5.252987655334718,4.714344624248095,1.307889555812229,0.00015000000000000001,0.00038121688812206854,0.9029915600000001,0.8685526048803,0.9887920233671035,0.9028760399999998,0.05400240509480647,0.4130849757318755,0.4331514655381248
cubic,100,41,0.1,1,92.89320400000001,89.58517227978999,85.68198509638266,4.014045277732727,3.719724576824576,2.4764627837783713,0.000216,0.00034953201795965324,0.9289320400000001,0.8958517227978998,0.957027313358335,0.9291668,0.041906800566771485,2.8023452693670468,1.5884537839064017
cubic,100,41,0.1,2,90.63825999999999,88.50762058109,84.41835463735927,4.621656436004645,3.2389431654945815,2.32840345916808,0.0001317,0.0003740544711247561,0.9063825999999999,0.8850762058109,0.9713527390133587,0.9067874399999999,0.04672837875055327,1.252234077330997,0.867609950439314
cubic,100,41,0.1,3,92.14915599999999,90.03572482282499,84.8303848806525,4.9356661641591275,3.570493116961968,2.078377923837451,0.000126,0.0003359887216152226,0.9214915599999999,0.9003572482282499,0.9666347749732062,0.9215432,0.05112894029918766,0.5445798163571253,1.1804920724221337
cubic,100,41,0.1,4,93.09530000000001,92.32238179946,84.20876612043698,3.7693154269205236,12.120810426686049,2.331865805828008,0.000192,0.0004946194709598801,0.9309530000000001,0.9232238179946001,0.973770354059363,0.9311360799999999,0.03780332391325008,1.0172241832200881,1.2083980600972004
cubic,100,41,0.1,5,90.216164,87.00426309599001,84.50519809818665,5.544641692306848,4.957077633985233,2.564261476206578,0.00015000000000000001,0.0003435725618601665,0.9021616400000001,0.8700426309599001,0.970354508899253,0.9026645600000002,0.05775202393630343,2.699087034506685,1.6292855345513266
cubic,100,41,0.2,1,94.02774000000002,90.54668645986501,90.31232560557231,2.0535291552990316,1.7046499576837104,3.3887337969901328,9.599999999999999e-05,0.00025411145503291934,0.9402774000000003,0.9054668645986501,0.907960230789811,0.94039804,0.024213297006275412,0.6097875306735882,0.664067363376723
cubic,100,41,0.2,2,94.14452800000001,90.86480648415001,91.46336392578769,1.5886420353761925,1.4840079898523244,3.759324949575911,0.00015000000000000001,0.00042981023964682737,0.94144528,0.9086480648415001,0.8965338303818986,0.9418786800000001,0.01783763327850774,0.9438910555510565,1.610034442810313
cubic,100,41,0.2,3,94.361548,90.63245157371999,91.95125618477513,1.6898584091219007,1.2959022513204927,3.6221040009986103,0.00016800000000000002,0.00045636550448539657,0.94361548,0.9063245157371999,0.891776832664709,0.9444276800000001,0.018850051566301096,1.5182183607112323,0.7862151977050622
cubic,100,41,0.2,4,94.014556,90.77484920910999,90.53722714232589,1.8240892677094054,2.8459901759779176,4.087742216261603,8.999999999999999e-05,0.00022991989451706185,0.9401455599999999,0.9077484920910999,0.9057047867292728,0.9404482,0.02145035953628258,0.6276634536812015,0.7842472557153928
cubic,100,41,0.2,5,93.757416,90.52208757151001,89.61509656932238,2.45877491406723,2.1775532032536833,4.257340405761402,0.000216,0.000494925831764082,0.93757416,0.9052208757151001,0.9150244003427295,0.93719728,0.028487844820695035,1.061902150288343,1.7471743779090434
cubic,100,41,0.4,1,94.497,90.974781890515,106.55203904178919,0.08764696457950083,0.3816001914170925,7.567500642298836,0.00012000000000000002,0.000283437545334529,0.94497,0.90974781890515,0.7695770136115369,0.94488532,0.00925614655308627,0.40955336587312585,0.7654609339905007
cubic,100,41,0.4,2,94.392488,91.05989584314997,104.8620257723956,0.03192002532646525,2.1567763203573063,7.890085454729219,0.000252,0.0005545752286304594,0.94392488,0.9105989584314997,0.7819799340705288,0.9440395200000001,0.009587322792411614,0.6511704891487573,0.6595993017210019
cubic,100,41,0.4,3,94.40080000000002,91.082904368495,106.51703361845516,0.039353409803445503,0.8893058761695941,5.360019513168919,0.00020400000000000003,0.00036750080558450914,0.9440080000000002,0.91082904368495,0.7698299249838729,0.9437276399999999,0.007943109254031024,1.5260832211404078,0.9100441918832068
cubic,100,41,0.4,4,94.425488,91.17894461466,106.54955714637752,0.059351563594001476,0.15477751278725138,7.337145305813855,0.00020999999999999998,0.00039870844116049464,0.94425488,0.9117894461466,0.7695949396331004,0.9438959199999999,0.009081612536247416,1.8575074820965463,1.2038266579491452
cubic,100,41,0.4,5,94.362468,90.940557176735,99.31056991969722,0.20924846418602444,0.3873217653732857,6.76564355700407,0.00018600000000000002,0.00046308348684602626,0.9436246800000001,0.9094055717673499,0.8256925729688734,0.9430568000000001,0.01004402441968148,0.6747014021633043,0.6715805014638847
cubic,100,41,0.6,1,94.44224000000001,91.19560227793501,121.38847036294469,0.060084398185077686,0.06420747281448452,7.812632572180122,0.000168,0.0004547017530321675,0.9444224000000001,0.9119560227793501,0.6755172031975081,0.9452561599999998,0.009860010286660592,0.942072425188117,0.8085398291864626
cubic,100,41,0.6,2,94.42108399999998,91.02027842341501,116.84455092439751,0.06422439857742213,0.388464083985044,7.203505664656205,0.000108,0.00033241698607559,0.9442108399999998,0.91020278423415,0.7017871124606988,0.9440412,0.010326869072574959,0.9281823167690754,0.7926631408353733
cubic,100,41,0.6,3,94.41144800000001,90.90041682083,121.49840116515722,0.04829433197646181,1.069952563582809,9.383056045062567,0.000234,0.0004597985829057167,0.9441144800000001,0.9090041682083,0.6749060005204052,0.94292716,0.010809725163573751,1.436461034356002,1.2412371840881045
cubic,100,41,0.6,4,94.427964,91.1672582267,121.49016734673059,0.06212819331197897,1.4757611466133775,7.342660294281413,0.000126,0.0003359887216152226,0.94427964,0.911672582267,0.6749517412876187,0.94463904,0.009948156917815186,0.963472517710832,0.7478272776612597
cubic,100,41,0.6,5,94.429476,93.31507607475999,122.79975290470483,0.059014363140189534,11.121388791261847,7.908240136978016,0.00017399999999999997,0.00045979858290571673,0.9442947599999999,0.9331507607475998,0.6677537866353339,0.9444032,0.010221271438885115,0.8435796703250952,0.8322302990336718
cubic,100,41,0.8,1,94.502892,90.76836712583999,137.4221398002853,0.06187486060377665,0.4565602457269802,8.198248377037809,9.6e-05,0.0003340091394904605,0.94502892,0.9076836712583999,0.5967015221795416,0.94612568,0.008770732193980538,1.045705995935565,1.1096910014013952
cubic,100,41,0.8,2,94.41198,91.044652902775,137.6057406833114,0.05327980322391389,0.3535278602510399,7.115360914980093,0.00014399999999999998,0.0004500105261926774,0.9441198,0.91044652902775,0.5959053713370609,0.94447744,0.009664254028031116,1.1943228853757974,1.477681160777693
cubic,100,41,0.8,3,94.446256,90.89685344674498,137.51350932400933,0.06694656772775147,0.4377730158243045,7.882698371255587,0.00011999999999999999,0.00030407755243479716,0.9444625600000001,0.9089685344674499,0.5963050496136463,0.9445118000000002,0.010230907926988997,0.8605455960829053,1.2449349948031347
cubic,100,41,0.8,4,94.39590000000001,90.83521027396502,138.69375404344416,0.03903531356686133,0.6034977060444816,6.54169719445601,0.000282,0.0007000120299718164,0.9439590000000001,0.9083521027396502,0.5912306618675451,0.9446014399999999,0.00774086927407482,0.726442441436419,0.759708387099431
cubic,100,41,0.8,5,94.406432,91.06296177351,138.40388930980797,0.05264075763332742,0.47842348266514517,8.194575172090717,0.000234,0.0004614439579361609,0.94406432,0.9106296177351,0.5924688996018632,0.9439403199999999,0.010384924709130836,0.7567413729695432,0.841202257655382
cubic,100,41,1.0,1,94.429696,90.96582621681497,151.139798608226,0.07073516198505983,3.4162720071112025,11.18308592349594,0.000198,0.0006097419644061697,0.9442969600000001,0.9096582621681497,0.5425440602349528,0.9442729599999998,0.014078703391494697,1.0075255847029607,0.913600754100574
cubic,100,41,1.0,2,94.4258,91.07272272106498,152.1725080329775,0.062488738522275336,0.31514158143601334,8.86567264437844,0.000108,0.00036708811504940653,0.9442579999999999,0.9107272272106498,0.5388621181312834,0.9457720799999999,0.011348388250486924,1.030253976484811,0.9239563501987613
cubic,100,41,1.0,3,94.542552,90.95586234664499,146.3137887798447,0.041422104650589674,3.6426258840010837,10.496533610735353,0.000234,0.0006186266623484808,0.94542552,0.9095586234664499,0.5604393180152261,0.9446456,0.013943570012393757,1.0279763405459836,1.0022202828837166
cubic,100,41,1.0,4,94.417668,90.920077698335,153.54284521880066,0.06307657114467084,0.48391125846384847,8.61819869091543,0.000132,0.00035873461822883703,0.9441766800000001,0.9092007769833501,0.5340528885155728,0.9447683999999998,0.010701621598716033,1.091881077175381,1.1099369172639584
cubic,100,41,1.0,5,94.46552399999999,90.979328767315,150.86795085536548,0.06880101578197789,2.199233616679821,10.01053338875242,0.000216,0.0004713965812796114,0.9446552399999999,0.9097932876731499,0.5435216660337091,0.9444848,0.014992105880657374,0.9323617432813539,0.9501036723542833
cubic,100,41,2.0,1,94.347632,90.80377964145002,223.0676756693037,0.22327784705443257,0.4860430307992686,15.40248679520871,0.00026999999999999995,0.0009630543516388502,0.94347632,0.9080377964145002,0.3676014454087218,0.94437836,0.013984676822052865,0.8694936932772753,0.7466720443741169
cubic,100,41,2.0,2,94.471956,91.38584904497,230.15179401696682,0.06749199955706395,3.015150429710232,17.32033788306886,0.000276,0.000857501879697188,0.94471956,0.9138584904497,0.35628659924308453,0.9453108799999999,0.01766874181663021,1.0040053916197857,0.9624330141957357
cubic,100,41,2.0,3,94.399996,91.00285012185,218.96072478239975,0.05352543737622226,2.51886279461003,16.786967729508532,0.00028799999999999995,0.0009844774194839026,0.94399996,0.9100285012185,0.3744963855115592,0.9442062,0.01947851605868431,0.8646200796252599,0.7162697803640389
cubic,100,41,2.0,4,94.39714800000002,91.300918990985,229.0584898588829,0.057224261472321424,3.804164114388909,16.776420711610495,0.00022199999999999998,0.0007160682119816004,0.9439714800000002,0.9130091899098499,0.3579871676029913,0.9445576399999999,0.016283264722646684,1.1622972793199198,1.111073298721662
cubic,100,41,2.0,5,94.47073999999999,91.02858287197999,217.60049003583174,0.04646346929521507,4.502119837162584,17.01509543143425,0.000264,0.00097845420515165,0.9447074,0.9102858287197999,0.37683738665522887,0.94326992,0.021187607026988818,0.6927766140671332,0.8214447315345355
cubic,100,41,4.0,1,94.546384,95.04764870039999,377.00030444537936,0.058953390188664356,29.48704284897763,28.76973865581367,0.00047999999999999996,0.002146625258399798,0.94546384,0.9504764870039999,0.21750645565295648,0.94892788,0.02697104245171495,0.982668456011736,1.0045985286585675
cubic,100,41,4.0,2,94.547312,91.002250618425,367.1778890104773,0.06002995687242514,0.36771962441429257,29.05734354596406,0.000108,0.0003852217406555401,0.9454731200000001,0.91002250618425,0.22332499438074865,0.9465154399999998,0.027501236825285155,1.002721559575171,0.9818568362675533
cubic,100,41,4.0,3,94.410316,90.95283359766,362.053936772875,0.08835956579436445,9.154062365838582,30.853981511190604,0.0006000000000000001,0.0020162706585230695,0.9441031599999999,0.9095283359766,0.2264855914312031,0.94149736,0.03759383316604216,0.8249116005901493,0.679007890888291
cubic,100,41,4.0,4,94.41439599999998,90.80605481364,362.56849525989765,0.08483606174635669,4.258690073698749,26.869547226244816,0.000606,0.0018506454066224117,0.9441439599999998,0.9080605481364,0.22616416228117248,0.94356176,0.03088599524850945,1.1078598911177864,1.2455219080998066
cubic,100,41,4.0,5,94.406672,91.003964686075,367.66108122817826,0.08199855362010701,0.3377074013224354,36.36611639723794,0.000618,0.0015452460202692306,0.94406672,0.9100396468607499,0.22303149336904948,0.9442808399999999,0.02635446262033692,1.2228575220452795,1.522756349830753
cubic,100,41,6.0,1,94.403992,87.91341320315,514.3954591495461,0.0736544279299222,9.255487311961993,36.56282718702459,0.000216,0.0009659813662799093,0.94403992,0.8791341320315,0.15941042740845965,0.943227,0.03821192669311508,0.7367962097334851,0.5714312478546425
cubic,100,41,6.0,2,94.397316,91.15823004345,518.0264845810293,0.06670941465948399,13.497553770181565,36.50989484202303,0.0008399999999999999,0.0037565942021996457,0.9439731600000001,0.9115823004345001,0.15829306500867452,0.9459423599999999,0.03695875692826431,0.7681973358780768,0.6166502221178453
cubic,100,41,6.0,3,94.36290800000002,91.054341929825,511.1363989953842,0.2320085722917204,4.279704776085587,36.41795485326953,0.000264,0.0010480176776331489,0.9436290800000002,0.91054341929825,0.1604268452827217,0.94584396,0.03053885258545597,0.9114338062452387,0.831878212192089
cubic,100,41,6.0,4,94.472204,90.87163124630499,514.7262827812692,0.05187694248994637,14.872666913809516,34.27312913285894,0.000834,0.002879335449644405,0.94472204,0.9087163124630498,0.15930797152405282,0.9452704799999999,0.03469302010663786,0.6731136645362378,0.4893043367196677
cubic,100,41,6.0,5,94.399568,91.1173227026535,512.0446450687481,0.07819041114989289,11.763870890845315,43.27975471759042,0.00028199999999999997,0.0008681959516873571,0.94399568,0.9111732270265349,0.1601422860090462,0.9439287999999998,0.02879301273017466,0.8057121510350782,0.6610787948374081
cubic,100,41,8.0,1,94.359324,93.91315360567,649.0680237188722,0.22626789000279218,13.5740050399106,49.32809309694829,0.000402,0.001303112064494677,0.94359324,0.9391315360567001,0.12633498647826824,0.9404166399999999,0.04160366178993077,0.8091287601704786,0.6438784781023068
cubic,100,41,8.0,2,94.440932,90.955738861792,660.6437170184358,0.10686369013595554,30.466098927575224,67.92403262456405,0.0016980000000000003,0.004672021539243789,0.94440932,0.90955738861792,0.12412136509838588,0.9430603200000001,0.05976399962457244,0.9001276996491028,0.8012495009416473
cubic,100,41,8.0,3,94.49098000000001,90.96756855558498,655.5577723708266,0.12851761624077268,19.35418353954356,55.81085893487513,0.00040800000000000005,0.0012582092537872186,0.9449098,0.9096756855558498,0.12508432277974033,0.9500738,0.03980541880180849,1.554867488857116,2.2303991787299124
cubic,100,41,8.0,4,94.45507200000002,91.14374059043999,657.1242441643324,0.09417450105214899,14.475571331313436,52.76979565348279,0.000396,0.0017709658381798337,0.9445507200000002,0.9114374059043999,0.12478614315056925,0.9493023999999999,0.05026822865347351,1.5917845680957856,2.2034389256991633
cubic,100,41,8.0,5,94.452868,91.036445594585,660.4849895219039,0.155306713773609,18.04937135005469,66.39870130382343,0.001764,0.005349036706193978,0.9445286799999999,0.91036445594585,0.12415119389670945,0.9431714400000001,0.05861145172191091,0.9540128717239176,0.9048392099393401
cubic,100,41,10.0,1,94.44658799999999,91.0758920784751,816.4627793809918,0.1578220786902284,36.07409677882919,94.6386688020799,0.002352,0.006819792866124463,0.9444658799999999,0.9107589207847511,0.10043323721648278,0.94066964,0.07120270297907753,0.806724064645512,0.6525117174659463
cubic,100,41,10.0,2,94.43289999999999,92.81999342607853,839.4139048032552,0.11708677951349343,35.18061775916542,76.24178336761504,0.0017300999999999996,0.005327217323380594,0.9443289999999999,0.9281999342607853,0.09768720714629985,0.9524108399999998,0.04177185875781117,0.7410708791535244,0.6316479857993103
cubic,100,41,10.0,3,94.422412,90.98955580352501,832.29208120019,0.10950020589262116,21.346545097316753,63.063411059472905,0.0017579999999999998,0.005531558836159544,0.9442241199999999,0.9098955580352501,0.09852310487173392,0.9499456000000001,0.04194783904291767,0.9224566215366992,0.8551781956443152
cubic,100,41,10.0,4,94.44381999999999,88.33384726252501,842.3036079699613,0.1145315132915038,26.00379918656933,68.45990196380825,0.001794,0.007663746781884309,0.9444381999999999,0.8833384726252501,0.09735207023228652,0.95229544,0.05954338282353375,0.7125209564786827,0.5845101991512749
cubic,100,41,10.0,5,94.41246,91.0286504965855,828.7516710297118,0.11917399893035587,23.246314468312114,66.27627385893952,0.001788,0.006674496314526781,0.9441246,0.910286504965855,0.09894399355854837,0.9494289599999999,0.054205571936300746,0.8265819109934193,0.6569460411257009
orca,100,41,0.02,1,69.276144,67.668833450785,82.34211601859678,8.630219897720725,8.373942025073355,1.294722223288421,0.19286999999999996,0.02012383504310511,0.6927614400000001,0.67668833450785,0.9958451879167215,0.8762582800000001,0.0916163093942144,2.6182842206784103,2.305674168658779
orca,100,41,0.02,2,84.86682,83.970189771635,82.30654472934472,4.086741856769727,6.1758457341122925,1.0955335511745277,0.221448,0.027748089663975066,0.8486682000000001,0.8397018977163501,0.9962755728556854,1.0558876,0.056897909029307636,0.9166934686475082,1.570809831688818
orca,100,41,0.02,3,59.08912399999999,59.139235822170505,82.36962418106016,8.509685173706732,6.769013021005009,1.534228500093631,0.18950999999999998,0.023226151775870868,0.5908912399999999,0.5913923582217051,0.9955126154242531,0.77257712,0.0960043258795177,4.212405465570278,4.12772477949102
orca,100,41,0.02,4,58.945704,56.29470302946599,82.31186954314721,7.815964885385756,17.032771900672863,1.4203610574447723,0.200136,0.024076129781656314,0.58945704,0.56294703029466,0.9962111230752239,0.77830496,0.09766651000278771,3.383747869281087,3.2686202351091134
orca,100,41,0.02,5,65.382972,63.442136193288,82.32880561463207,10.103354967326762,11.754779879838221,1.286434721725933,0.190326,0.03086102846463054,0.65382972,0.63442136193288,0.9960061899091411,0.8338816399999999,0.10849442893373497,3.672600646936786,3.145097932135955
orca,100,41,0.04,1,83.07372799999999,83.83073631995511,82.912075,4.688585452748208,5.743228974451063,2.0099763708307226,0.16068000000000002,0.020478462113311044,0.8307372799999999,0.8383073631995511,0.9889994913286153,0.98273596,0.04991322368817389,68.44829223905568,23.693456782230655
orca,100,41,0.04,2,84.90550800000001,85.90244252482155,82.7972385103011,5.853414633162604,6.4451423010737985,1.8776112879028688,0.159264,0.01527388359259033,0.8490550800000001,0.8590244252482155,0.9903711944426514,1.0000720800000003,0.06045085715122221,48.22576987100128,25.191707270048436
orca,100,41,0.04,3,84.71143599999999,86.2969434731868,82.62799034593725,5.088608968884792,7.485223486401801,1.7851429195061455,0.16112633999999998,0.025758452987962085,0.84711436,0.862969434731868,0.9923997867634435,0.9992382800000001,0.05443801077074154,47.5942324240552,24.199073159800747
orca,100,41,0.04,4,87.73473600000003,89.275699004509,82.73293223559214,4.271114776377906,5.60536232134614,1.6626198916620485,0.16346999999999998,0.020301901907275374,0.8773473600000002,0.8927569900450899,0.9911409856294585,1.03155216,0.04952456768023428,42.303902985877976,22.86349326559555
orca,100,41,0.04,5,85.59226399999999,86.94941527829401,82.8921170212766,6.719866974477834,5.322613531530781,1.7968086207475156,0.157782,0.02315580354672964,0.8559226399999998,0.8694941527829401,0.989237613257632,1.0048442,0.08548517121825712,52.17529844493592,22.07874801480171
orca,100,41,0.06,1,86.93891199999999,89.0297983579805,82.9308259469697,6.203737695084017,7.99760692813042,1.4095664178965737,0.15965400000000002,0.02947314574320155,0.8693891199999999,0.8902979835798049,0.9887758751183194,1.0199784000000003,0.08003437173951546,29.715325116521964,21.181132795873733
orca,100,41,0.06,2,87.854468,89.6571449811735,82.96253295515938,8.366820379541535,8.220100523466074,1.5625497783188158,0.16471200000000003,0.02729530856161337,0.87854468,0.896571449811735,0.988397980137858,1.0341268799999999,0.09705240053415314,41.35642330077908,19.633027940527256
orca,100,41,0.06,3,87.82179199999999,90.25216328386901,82.96062859304085,5.974539453417132,5.644343178186842,1.6051267936105502,0.163134,0.023949846807553136,0.8782179199999999,0.9025216328386901,0.9884206688240856,1.0323652,0.06880624511411122,35.208368918665364,21.920814431726516
orca,100,41,0.06,4,88.78178400000002,89.118788945008,82.97732944814462,5.8767301413074575,6.49790241130881,1.6258233635677293,0.16157400000000002,0.02154591386343421,0.8878178400000002,0.8911878894500801,0.9882217293007076,1.0404622000000001,0.0702549471619802,34.3233476355498,23.564636326105916
orca,100,41,0.06,5,87.702888,88.11240554161549,82.87730190174327,4.773179215162464,7.681350791435784,1.551528103679727,0.16299,0.01980472192499344,0.87702888,0.8811240554161549,0.989414449051643,1.0310002399999998,0.055521751103645496,37.68505483206337,23.27252102097983
orca,100,41,0.08,1,89.46431600000001,90.32388850886949,83.73826055237102,6.0205045250503355,6.7952750933102894,1.8670863093636143,0.17239200000000002,0.02621618495670586,0.8946431600000001,0.9032388850886949,0.9792417403836101,1.05720504,0.06994780455859022,40.59090240014763,22.89002095351251
orca,100,41,0.08,2,90.495112,91.230503726814,83.7590967039801,5.105802981394487,5.02809934907945,1.8927803257841365,0.16527599999999995,0.020512116675914162,0.9049511200000001,0.91230503726814,0.9789981414174382,1.0611184799999998,0.06528841262609596,51.136340854713055,23.871445805095306
orca,100,41,0.08,3,90.870036,93.785644348797,83.52843459915611,4.031169261158537,7.015176824923612,1.8713988068587253,0.17284751999999998,0.021813319795062926,0.90870036,0.93785644348797,0.9817016252430576,1.07267184,0.0627767167542268,56.36109604218949,27.679274665516218
orca,100,41,0.08,4,87.194304,89.844655049593,83.66033037974684,7.398222538693012,7.498193017915779,1.9398669855162078,0.16577568,0.026539928865680257,0.87194304,0.89844655049593,0.9801539107936779,1.02852304,0.08040453555475063,54.19632095529529,26.602153489716024
orca,100,41,0.08,5,88.47095600000002,90.4397386004047,84.13437447108603,6.3341934281189465,9.976072474040821,2.1483819595726588,0.16824,0.025135044103905272,0.8847095600000001,0.904397386004047,0.9746313622166461,1.0444544800000002,0.07127824134254361,63.93938595491706,27.62739277048476
orca,100,41,0.1,1,91.444128,93.22141012511544,84.58512660944207,3.6713387658650016,8.815550718766543,2.2790243211827916,0.16527858,0.02881839725101786,0.91444128,0.9322141012511544,0.9694375747478813,1.07053772,0.046691005888067766,65.34114436597535,31.61148598460814
orca,100,41,0.1,2,90.282844,91.12334074808611,84.73974449964514,4.821398780601244,9.74556951449886,2.476756841459948,0.15975,0.03186445999112986,0.90282844,0.9112334074808611,0.9676687189013579,1.05338408,0.06572001411635817,62.348547250988936,27.221632056890357
orca,100,41,0.1,3,91.244984,93.1767604216325,84.56734669397308,4.6009227704638365,5.638056984216267,2.2576430413955437,0.164232,0.024065890603223387,0.9124498400000001,0.931767604216325,0.9696413947659535,1.06755588,0.056434795649358424,49.66444716569177,29.560555811918647
orca,100,41,0.1,4,90.595972,92.20925189147565,85.12805729513657,4.811469272444749,7.721251099338387,2.2948105588584893,0.17698200000000003,0.03177464987591275,0.90595972,0.9220925189147564,0.9632546848298008,1.0729361999999996,0.06749862272559815,56.898458168713844,26.629124296554284
orca,100,41,0.1,5,90.99172399999999,92.39585047720854,84.5897539113429,3.961189289098338,4.796311890870312,2.363896815053244,0.171612,0.03556211372558694,0.90991724,0.9239585047720854,0.9693845437349637,1.07178428,0.059502410964347496,57.57755197431595,31.89300650104618
orca,100,41,0.2,1,93.79173599999999,96.10660282932275,88.69916039156627,1.3078077512926158,6.619678428813674,3.5179488864427317,0.15135575999999998,0.02929778836945672,0.9379173599999998,0.9610660282932275,0.9244732378300704,1.08057624,0.02747012109088325,77.42376010613526,10.66766910863906
orca,100,41,0.2,2,93.76442800000001,95.34012281252113,90.71180450321658,0.5104203086373733,5.957176229016648,4.087001097007395,0.143604,0.030534806093340344,0.9376442800000001,0.9534012281252113,0.9039617329748117,1.07274988,0.0339975356295996,70.61575299357976,31.49452467245854
orca,100,41,0.2,3,93.57550400000001,95.60812247013556,89.4401719151671,1.6365712305221065,7.774832006580812,3.738632517788132,0.13640400000000003,0.02629665225841495,0.9357550400000001,0.9560812247013556,0.9168139801629182,1.0643399599999999,0.034242398272600116,57.10954073358764,28.716272674779844
orca,100,41,0.2,4,93.85486399999999,95.45512118018584,88.0818031674208,1.0667411520800392,5.069998989210132,3.8768114105442124,0.15683399999999997,0.02951721360405431,0.9385486399999999,0.9545512118018584,0.9309527853799625,1.0864134799999998,0.03262014429116498,68.24692913405461,27.154369330968123
orca,100,41,0.2,5,93.79026,94.427746068074,87.98385836909871,1.717583519814055,5.671294494633636,3.9661007285786356,0.149712,0.021621757463015662,0.9379026,0.94427746068074,0.9319891343705797,1.07947016,0.03703013383125182,70.88873277552221,20.262935996746144
orca,100,41,0.4,1,85.93974,87.6596409959605,98.3425659637077,9.865225477291968,11.4752427529792,8.712328814762145,0.175974,0.04851559102630389,0.8593974,0.876596409959605,0.8338200167591849,1.02637344,0.1083375848211234,36.78461716618369,3.9822344786177672
orca,100,41,0.4,2,94.00195199999999,96.42628695651449,96.5243585801063,0.2451739055746688,7.4225213184346766,6.686763638197654,0.042588,0.010981554678545962,0.9400195199999999,0.9642628695651448,0.849526494723584,0.9799836799999999,0.018467422600597295,33.61190352215803,15.264793931758277
orca,100,41,0.4,3,93.95220400000001,95.840334876694,97.40060747210093,0.20787886914207995,8.22095907824705,6.425111181462,0.03780000000000001,0.007500164208728681,0.9395220400000001,0.95840334876694,0.8418838663145687,0.9742765200000001,0.01707718338570658,42.59428423473883,21.65745897943319
orca,100,41,0.4,4,93.9837,95.82171259787101,97.2436604907361,0.07407104583829706,8.519045453234089,6.273344452854049,0.04869,0.012031403645635472,0.939837,0.9582171259787101,0.8432426297631167,0.9850785199999998,0.017418237901379478,44.34253071551631,5.52894020448907
orca,100,41,0.4,5,86.26741999999999,90.82233901397866,94.90023285979001,10.404571641152446,11.59343275440912,8.481717314023212,0.185394,0.04601977108294125,0.8626741999999998,0.9082233901397866,0.864065319219507,1.03772664,0.10115743613195173,50.25239282753553,7.225633607999939
orca,100,41,0.6,1,94.528324,95.79424474634,121.41935605833584,0.03372749220630252,8.289050072593241,5.5818893169959445,0.00016199999999999998,0.0005285093237239604,0.94528324,0.9579424474634,0.6753453704745656,0.9455484399999999,0.005534544727950445,1.17904640536416,1.1211570255081276
orca,100,41,0.6,2,94.488768,96.996989883225,122.87812287634281,0.04025598426909477,11.180244951456647,5.595214787814632,0.00018600000000000002,0.0005316548148049289,0.9448876799999999,0.9699698988322499,0.6673279024820381,0.9448408799999999,0.009648177318436908,1.9023314030169427,1.702546084154082
orca,100,41,0.6,3,94.474464,98.47118944230499,118.80854255788853,0.04428239788116075,17.69521918914172,5.75238680070177,0.000198,0.0005659049576144669,0.94474464,0.9847118944230498,0.6901860609900685,0.9450077199999999,0.007158414475551783,0.759400700219148,0.6844909988134363
orca,100,41,0.6,4,94.42820800000001,97.802320960235,124.17111790361093,0.21661380919191522,11.437786801408183,3.9960826099274565,7.2e-05,0.00018833341096101492,0.9442820800000001,0.9780232096023499,0.6603790107104722,0.9442074399999999,0.00456144235065135,2.042150230124839,1.8690188670415424
orca,100,41,0.6,5,94.534648,95.781489108485,122.83508601211874,0.029036629063452838,7.778354893097172,4.9781764817934855,0.00027,0.0007765917439955857,0.94534648,0.9578148910848501,0.6675617094606828,0.9457758400000001,0.004267897557888609,1.347525548530963,1.254070128766241
orca,100,41,0.8,1,94.49868400000001,95.774851312665,137.74812190530227,0.04095583428652616,10.947348056035754,7.140117625831857,0.000234,0.0006915154981708843,0.9449868400000001,0.9577485131266501,0.5952894229394471,0.94579672,0.007874921524193806,0.9368544211895713,0.6489273526104609
orca,100,41,0.8,2,94.537748,96.80712146804001,135.74681997779686,0.030641470625695395,11.28714849863735,6.998973347063105,0.000498,0.001746477959539683,0.9453774799999999,0.9680712146804001,0.6040657159660326,0.94586384,0.008338645118672355,1.258464072419091,1.1901470172062212
orca,100,41,0.8,3,94.52739600000001,98.51166301258999,129.65842815448974,0.04973719887145833,18.713165269261324,8.626836307780883,0.00015600000000000002,0.0005723304161611175,0.9452739600000001,0.9851166301258999,0.6324309276855948,0.9453605999999997,0.009384732060555645,0.5068843827379612,0.43130886031308147
orca,100,41,0.8,4,94.128932,95.81298343923598,119.15853261989695,0.21455480707244534,6.150926107799329,11.695676035998188,0.015816000000000004,0.01962275113497756,0.9412893200000001,0.9581298343923598,0.6881588602771006,0.9587320400000001,0.029540157018832246,6.182159893194372,1.4026554048612152
orca,100,41,0.8,5,94.319296,93.08284733996501,127.68771205555883,0.061461140003472116,5.768744282042904,8.340516643109515,0.00017999999999999998,0.0006174310104226859,0.94319296,0.9308284733996501,0.6421917871339144,0.94333004,0.010795532164274934,0.25294642263181516,0.24441068364134227
orca,100,41,1.0,1,94.50827600000001,95.997600349275,149.28404430875216,0.043401079588803244,11.811170436352343,9.389398626158226,0.000708,0.0023482526538504732,0.9450827600000001,0.95997600349275,0.5492884412376048,0.9441625200000001,0.010875233786602611,0.9046791184636187,0.5063261963276874
orca,100,41,1.0,2,94.52847599999998,96.20639419847498,153.38463891800168,0.022249546985334025,11.033883321172349,8.080674770729425,0.000168,0.0004547017530321675,0.9452847599999998,0.9620639419847499,0.5346037294114999,0.9455642799999999,0.007816930183403882,1.1892826359382336,0.6366044430798351
orca,100,41,1.0,3,94.496052,96.08903038209,154.05189639451885,0.04372213333264766,11.174692651961992,8.923984893461974,0.000108,0.00036708811504940653,0.9449605200000001,0.9608903038209,0.5322881569078662,0.94551896,0.010509869620223931,0.9814147385129802,0.6213140597359714
orca,100,41,1.0,4,94.50082,98.48178317620999,153.17242124930567,0.04708510458397836,15.341291123431034,8.720821783660202,0.00016199999999999998,0.00041981951009050487,0.9450082000000001,0.9848178317620999,0.5353444133819338,0.9452419599999999,0.006590087696437494,1.081552519261278,0.7894128641302706
orca,100,41,1.0,5,94.49758399999999,96.04710862774,152.5472939616673,0.03222815088511551,8.743618982649958,7.527036562150691,0.000252,0.000888580180311324,0.9449758399999999,0.9604710862774,0.537538214349481,0.9466079599999999,0.009944008758009472,1.6481086155529712,0.8932056909552797
orca,100,41,2.0,1,94.44972800000001,103.18048122932001,224.11873402985077,0.055823272415343635,24.000782823111095,20.38092816744668,0.00014292,0.0005602198831473979,0.9444972800000001,1.0318048122932,0.3658774905853175,0.9435074800000001,0.014128088526336454,0.8089454381556211,0.6681213642198787
orca,100,41,2.0,2,94.44625200000002,102.68774796109501,223.71171136666504,0.046114090277325284,21.891318931511094,19.232800366381863,0.00017400000000000003,0.000576782363406547,0.9444625200000002,1.02687747961095,0.36654317066843867,0.9438494000000001,0.012377130432161428,0.8206220141071268,0.6744543534442031
orca,100,41,2.0,3,94.50131599999999,98.304685616515,233.21999197237002,0.03569462504134062,12.415932604079948,15.521680600996532,0.000528,0.0017264554500631144,0.9450131599999999,0.98304685616515,0.3515993603572145,0.94393736,0.014895097192608816,1.683446387224293,1.4007424689632544
orca,100,41,2.0,4,94.341208,97.021001053075,237.47975541438058,0.07760983941960795,8.503760991484153,10.906563377226316,0.00016800000000000002,0.0004694632993895095,0.94341208,0.97021001053075,0.34529259075965213,0.9430665999999999,0.022301675610779125,5.4137298514256695,2.432715475553231
orca,100,41,2.0,5,94.503652,102.0358116106,224.56391254821287,0.041612429519630595,19.68688652405693,18.592078516681795,0.000468,0.001420339470171239,0.94503652,1.020358116106,0.36515217013060797,0.94531844,0.018706345136804848,1.0262891080429666,0.8967576491484955
orca,100,41,4.0,1,94.44602,108.97803724372997,383.0384622856276,0.21323020838619786,22.967509584884116,35.27703366863512,0.00022799999999999999,0.0007843844385047559,0.9444602000000001,1.0897803724372996,0.21407771822886418,0.9439715599999998,0.03185665072953495,1.1581400697710764,0.7678961458522442
orca,100,41,4.0,2,94.549964,98.6915663934,393.6342083910035,0.05871181055756273,10.116737085418702,19.865463424237888,0.000282,0.0009041168997541483,0.94549964,0.986915663934,0.20831522833134467,0.94516164,0.014165335740402187,2.72677256122747,1.1703417282866502
orca,100,41,4.0,3,94.56372,101.678724721665,398.3181992642026,0.0832203153335206,15.77234783998258,17.431884583826967,0.000252,0.0011269782606598941,0.9456372000000001,1.0167872472166501,0.20586556213468366,0.9480725999999999,0.021203038151915363,2.9450362812460624,1.974941394527051
orca,100,41,4.0,4,94.575896,98.188251044065,395.21351379266383,0.06998091577445427,12.850386216827895,19.615530811221053,0.00040692,0.0010562923447008808,0.94575896,0.98188251044065,0.2074827837061733,0.94577188,0.03405512624699149,2.897292191909708,1.7225220354011217
orca,100,41,4.0,5,94.566756,103.28456209332998,398.2368321167884,0.10375981487627209,17.14719700079655,19.66117787300368,0.000276,0.0009888557981190603,0.94566756,1.0328456209333,0.20590762427507556,0.9458477999999999,0.013477289932483103,3.00288914288131,1.86186284794815
orca,100,41,6.0,1,94.51279200000002,116.97970739785501,520.0050871102383,0.12948310751844008,30.293716255324767,62.199096558102234,0.0006720000000000001,0.00196039093845563,0.9451279200000002,1.1697970739785502,0.15769076501864385,0.9452646400000001,0.05292219480835096,1.4467750227210356,0.8111732282782115
orca,100,41,6.0,2,94.54438000000002,128.363646980075,497.0965406538534,0.07082858952948923,36.02340586723189,79.44527053029428,0.00066,0.002536188603313829,0.9454438000000002,1.28363646980075,0.16495789709608866,0.94434308,0.04379290634392746,0.9883991747924604,0.5333535542366552
orca,100,41,6.0,3,94.55403199999999,98.52966142320999,565.7139115617107,0.08606077421768538,13.526223764008252,23.852033141920778,0.00048000000000000007,0.0014588243283728958,0.9455403199999999,0.9852966142320999,0.14494959081637337,0.9463355200000002,0.0419033983336561,3.2035015627816175,0.7941555501065083
orca,100,41,6.0,4,94.567092,124.3175459134,502.3776564210526,0.11586214174839854,32.87574569294052,68.59617409716374,0.0006839999999999999,0.0020117926020552443,0.94567092,1.243175459134,0.16322381967416597,0.9446982400000001,0.03705296674577596,0.9520014439198762,0.5468812473991777
orca,100,41,6.0,5,94.54205999999999,99.23304451394499,559.4365263774912,0.11092746269047804,22.1646807385352,32.971654701840585,0.00063,0.0019508864381959398,0.9454205999999999,0.9923304451394499,0.1465760566814846,0.9458523999999999,0.05515836002447382,3.36979872967019,0.8281472384721467
orca,100,41,8.0,1,93.917088,91.24755358973002,695.4898763975154,0.07605125540332047,16.6029546213587,25.538719440837287,0.001026,0.003277207411967182,0.93917088,0.9124755358973001,0.11790250697068656,0.9418378800000001,0.03374022076441048,0.01026123105392212,0.010190331288066387
orca,100,41,8.0,2,94.46314000000001,147.29324769495503,676.5257933785119,0.09850916623126407,33.24712680539617,47.96896307114636,0.0009600000000000001,0.0029612230759034613,0.9446314000000001,1.4729324769495502,0.12120749985081725,0.94547296,0.033239583598734565,1.1443967455281936,0.48598228210167804
orca,100,41,8.0,3,94.388428,108.94972964467999,680.2288097016668,0.23985686998708242,32.182374286552516,63.40393969141052,0.00063,0.002817445651649735,0.94388428,1.0894972964468,0.12054767282785828,0.9422472799999999,0.039220996338636904,0.5720252044940503,0.39399794013930645
orca,100,41,8.0,4,94.459568,142.70187344960502,686.7580476625874,0.10042048656576631,36.52465610770174,41.844637187626844,0.00129,0.005769055381949457,0.94459568,1.42701873449605,0.11940158587014855,0.9464212399999999,0.0468193226007158,1.0663280459022364,0.47280570084741824
orca,100,41,8.0,5,94.42223600000001,107.77553514660501,713.3395838748137,0.08054309747941764,17.486986245132773,48.58340843546666,0.00027600000000000004,0.0009513558192058542,0.9442223600000001,1.07775535146605,0.11495226376557066,0.9470108000000002,0.05434535232916474,5.049733256903622,1.7926179241223013
orca,100,41,10.0,1,94.405932,109.268294036665,821.627916535104,0.036672826251368654,34.3532517789018,75.42944515800461,0.0,0.0,0.94405932,1.09268294036665,0.09980186693972509,0.9491898800000002,0.006174433017873805,0.5757145208684383,0.3529257055087441
orca,100,41,10.0,2,93.89742800000002,87.668107946655,885.8950264705883,0.04518847566173688,15.752480878881483,19.236382117981254,0.0,0.0,0.9389742800000002,0.8766810794665499,0.09256175681072344,0.94481828,0.006484220911331402,0.0089827401022568,0.008627674275204526
orca,100,41,10.0,3,94.37580799999999,111.35750243219499,805.7774800079471,0.03745536706675354,34.21300010754924,77.4772360439354,0.0,0.0,0.9437580799999999,1.11357502432195,0.10176506794306446,0.9485933200000002,0.007201910526753889,0.5344018316769807,0.33167756971199325
orca,100,41,10.0,4,94.04727600000001,148.22147183989998,555.3266455878818,0.12056804352729467,31.30416608389697,123.09228423430316,0.000498,0.0012189710933060676,0.9404727600000001,1.4822147183989998,0.1476608418693702,0.93145156,0.11347451868712248,0.8300334297053503,0.30079877433746616
orca,100,41,10.0,5,94.364912,137.86179568143,782.8042005296919,0.03232827825197198,38.53354508253778,93.52648138861483,0.0,0.0,0.94364912,1.3786179568143,0.10475160959089631,0.94869304,0.0057069190204246415,0.8850454725395048,0.37888633579074404
aurora,100,41,0.02,1,97.194952,95.69377212346713,82.61606000000002,2.317678900882472,1.4463820026185046,0.5968058938170244,0.0005242105263157895,0.0007506909098325777,0.97194952,0.9569377212346712,0.9925430963422848,0.99680888,0.0432445813364622,128.20466594423243,3.0759328592628647
aurora,100,41,0.02,2,97.203404,96.06751150286382,83.82249749999998,2.1493955364691923,1.204908175488512,1.26856001387763,0.00044842105263157895,0.0006155870112510924,0.97203404,0.9606751150286382,0.9782576569017168,1.01229676,0.05399379148869462,711.8441375371167,2.5419125973888965
aurora,100,41,0.02,3,97.708536,96.19193983355042,83.4219075,0.2316676154003016,0.07812947621401915,0.43172798888670383,0.0005242105263157895,0.00031549459916972136,0.9770853599999999,0.9619193983355042,0.9829552267190725,1.0290886399999999,0.025531341818375623,2277.0892604035434,2.9361974388797383
aurora,100,41,0.02,4,97.69385600000001,96.19358572446794,83.7443925,0.2631074617037882,0.28703184035403156,0.9024673525622883,0.0005178947368421053,0.00022289955254848717,0.9769385600000001,0.9619358572446793,0.9791700381610625,1.0083979600000004,0.022132118515344707,862.181625781248,2.73279533266547
aurora,100,41,0.02,5,97.65768400000002,96.18861333862387,83.3272475,0.005267127850123996,0.058507001406043375,0.005036981003694508,0.0006505263157894737,0.0002165762294387238,0.9765768400000002,0.9618861333862386,0.9840718667684302,1.0591553599999999,0.010940598700754338,1775.8830776716522,2.5791711851381924
aurora,100,41,0.04,1,97.56480400000001,96.0632724693602,85.08411750000002,1.3778831166929104,0.9171682024773968,0.9176952243578522,0.0007073684210526316,0.0005167509834991786,0.97564804,0.960632724693602,0.9637521362315355,1.02668132,0.052109680908451465,298.57286487783415,2.7172612908019014
aurora,100,41,0.04,2,96.8308,95.43198605660241,83.5323275,2.462601900822958,1.3734969392789986,1.2261857081675986,0.0006947368421052632,0.0007015171528832874,0.968308,0.9543198605660241,0.9816558744876348,1.0055695999999998,0.05738250554013097,148.19615473639195,2.5521368741745554
aurora,100,41,0.04,3,84.68517600000001,80.701906613655,82.76544249999999,6.6726414584539055,5.6449204515519105,0.7903293759191727,,,0.8468517600000002,0.80701906613655,0.9907516654671423,0.84702248,0.06633128685513741,0.0,0.3177380190165551
aurora,100,41,0.04,4,97.159768,95.66219635472956,84.20742500000001,2.455059392094533,1.3141268306665082,1.226477421906886,0.000903157894736842,0.0010832310343062603,0.97159768,0.9566219635472956,0.9737858627074748,1.01441704,0.06502762207540325,137.04639355123635,2.484353816140795
aurora,100,41,0.04,5,97.18042399999999,95.63759939541355,84.2870125,2.1444496465021423,1.6123084851810923,1.4712553976894234,0.035077894736842107,0.035959133529751885,0.9718042399999999,0.9563759939541354,0.972866371316696,1.00900696,0.048339839184872856,161.47644531997594,2.786324533328776
aurora,100,41,0.06,1,97.65001600000001,96.18057020206024,86.0979925,0.9137848638112415,0.6116976218049468,1.2108625792639898,0.0006694736842105262,0.000557588793967288,0.9765001600000001,0.9618057020206023,0.9524031585289285,1.0062047599999997,0.029999064204885503,461.7398446030348,2.6204224274612677
aurora,100,41,0.06,2,96.63598800000001,94.98387846318838,85.19119250000001,3.314843229865521,2.737581896222697,1.9128079256942352,0.0006063157894736842,0.0008299143900046812,0.9663598800000002,0.9498387846318838,0.9625408166460399,1.0150132799999998,0.07570038692152806,252.61601042193408,2.493736166801445
aurora,100,41,0.06,3,97.66003200000003,96.21536016940976,87.46582500000002,0.005897162207818953,0.19584837852874123,1.0029136227039994,0.00044842105263157895,0.0003342863569173182,0.9766003200000003,0.9621536016940976,0.9375090213806361,1.01879848,0.030420747702108987,883.7782452466228,2.427039963977529
aurora,100,41,0.06,4,97.22178800000002,95.63236302831855,86.02022,2.541424017799553,2.0889355072258877,1.8075847902074968,0.0005242105263157895,0.0007560005569477203,0.9722178800000002,0.9563236302831855,0.9532642441509683,1.0185126400000002,0.06166953155513583,485.3618063310406,2.531059732244924
aurora,100,41,0.06,5,97.384324,95.32964988531651,85.214835,1.9224594751690782,2.1336200177939975,1.4419126782178122,0.0002589473684210527,0.0005126607578424342,0.9738432400000001,0.9532964988531651,0.9622737637173152,1.02169284,0.05694759128793124,461.585903223442,2.62301804121813
aurora,100,41,0.08,1,97.57704,96.00845775982637,87.56278499999999,1.1680688588209893,0.8151864931709422,2.1794765791897923,0.00035368421052631583,0.00034750236651977224,0.9757703999999999,0.9600845775982637,0.9364708991382584,1.03642088,0.037347218025691346,499.2062014617639,2.531133526300048
aurora,100,41,0.08,2,96.187064,94.67221135448366,86.07268250000001,3.668683590698011,2.8403570432980407,2.7399009765181317,0.0008526315789473684,0.0012836789236204543,0.9618706400000001,0.9467221135448366,0.9526832163038487,1.0122208000000001,0.0839674784671705,115.35547905153645,2.043086708358556
aurora,100,41,0.08,3,96.81031199999998,95.74326406420231,85.99992,3.1651269567579448,2.018280085228641,2.08072062203155,0.0006315789473684211,0.0005724922431099418,0.9681031199999999,0.957432640642023,0.9534892590597759,1.01756496,0.07239509877430567,212.4914962127532,2.5496501452430915
aurora,100,41,0.08,4,97.18254399999998,95.53990301334956,86.29017250000001,2.5630777972840644,1.7956385840677285,2.4998055672010193,0.0006505263157894738,0.0008507086828979088,0.9718254399999998,0.9553990301334956,0.9502820266120107,1.0062898,0.05193449760311945,130.43418208311297,2.3829751401091253
aurora,100,41,0.08,5,96.52996,95.16898994780917,86.74049,2.892049493643601,2.454395214376404,2.763513995879353,0.0004105263157894737,0.0007080291400485539,0.9652996,0.9516898994780917,0.945348590952161,0.99204812,0.05633902626307235,218.17988366552984,2.0141963438660087
aurora,100,41,0.1,1,97.657764,96.2456545940245,90.1287675,0.0057423398861891975,0.20430636414331513,2.3879273736132194,0.00046736842105263163,0.000265012412817529,0.97657764,0.962456545940245,0.9098094013101866,1.01242012,0.019605722774032355,586.3307685111789,2.3624328880146197
aurora,100,41,0.1,2,97.65299200000001,96.18380911098919,88.45080499999999,0.796009890401394,0.5031193303937436,2.3377495519420513,0.000391578947368421,0.0004928969145988365,0.9765299200000002,0.9618380911098918,0.9270690074556135,1.0054054,0.02447640685824876,453.65346270633717,2.337027454006275
aurora,100,41,0.1,3,96.921968,95.45667367022108,87.69228,2.2765285886828943,1.5814560827716884,2.6631652611131718,0.034736842105263156,0.03416771267547308,0.96921968,0.9545667367022108,0.9350880145891977,1.00405896,0.04846726709364515,243.41684468208013,2.38702672744414
aurora,100,41,0.1,4,97.69967199999999,96.21558795769604,88.5437925,1.2385801484365315,0.3927834766588761,2.699920969909412,0.00048000000000000007,0.0005865151319446073,0.9769967199999999,0.9621558795769605,0.9260954120527422,0.9987718400000001,0.027460033699032483,359.3405197556934,1.9886495857498119
aurora,100,41,0.1,5,97.59280000000001,96.26111695305823,89.27641750000001,1.8144481972620126,0.9473372562593737,1.7753909268750525,0.0004989473684210526,0.0005744745883253488,0.9759280000000001,0.9626111695305823,0.9184956374397527,1.02880708,0.04445019932891898,1597.4389755675493,2.377340344260631
aurora,100,41,0.2,1,96.65232800000001,94.58411597799335,92.26868249999998,3.078628098442894,3.084921073863316,7.004544192170708,0.0007894736842105264,0.0008563324489693793,0.9665232800000001,0.9458411597799334,0.8887089072719773,1.00803192,0.07170890762627238,139.36771693052984,1.9774645367865806
aurora,100,41,0.2,2,97.499336,96.06599967761773,93.7401825,1.4289203488184248,1.0044030401159154,6.147369615497841,0.0006884210526315789,0.0004961324101699591,0.97499336,0.9606599967761773,0.8747582713528427,1.0121308399999998,0.0481401937292846,187.51637679694136,1.6222018969138665
aurora,100,41,0.2,3,96.733904,95.23215846294046,92.16732000000002,2.880121404294946,2.1160400112270095,6.70460972739534,0.0008273684210526317,0.0011084365471001796,0.9673390399999999,0.9523215846294046,0.8896862792582011,1.02106816,0.07462523893509768,153.82047492132358,2.14469523190219
aurora,100,41,0.2,4,96.87282,95.40563634993144,95.04834,2.857500443114574,2.327361712683336,5.766630922694721,0.00038526315789473684,0.0009956537127884745,0.9687282,0.9540563634993144,0.8627189070319377,1.0404542,0.07571500925010283,238.22797710301373,2.1310383027602664
aurora,100,41,0.2,5,97.411036,95.88852570912076,94.14059749999998,1.796334034809432,1.0876569305057302,5.938637467233564,0.00029052631578947377,0.00045837240662794564,0.97411036,0.9588852570912075,0.8710375988425186,1.0127238799999998,0.0508104322372524,317.81468798233476,2.149636499892842
aurora,100,41,0.4,1,97.382836,95.17466473539,102.143195,0.38959854271855704,2.3582706772661983,6.620748876844436,0.00033473684210526315,0.0007161887431323351,0.97382836,0.9517466473538999,0.8027945473998537,0.97541864,0.012889629417987623,5.076311612818224,0.662633572345623
aurora,100,41,0.4,2,97.381916,95.87614210147181,105.0730275,1.8579784182260277,1.018595051138792,13.785760048816535,0.00045473684210526314,0.0005315320458725641,0.97381916,0.9587614210147182,0.7804096060713583,0.9988575200000002,0.04140985461794791,106.04857713777415,0.984644636334883
aurora,100,41,0.4,3,97.14874,92.6356933489427,110.3769725,1.1811580124428307,4.0535823175154615,8.503447692437446,0.08581263157894738,0.10360331187553296,0.9714874,0.9263569334894269,0.7429085808636399,1.0507094399999999,0.10802642954945112,17.97312726440981,0.5880709147916555
aurora,100,41,0.4,4,97.222944,94.69353674002,103.41921750000002,0.0638585257383334,1.6368627190478469,6.733105997963289,0.0005684210526315789,0.0009233349167128105,0.97222944,0.9469353674001999,0.7928893873133394,0.9729537200000001,0.011069310693396723,4.142699449586024,0.7085387772322319
aurora,100,41,0.4,5,97.54868,95.2940019082072,100.12747,0.8938444682794022,2.5478963972053106,14.02773813860839,0.0015221052631578947,0.002368814938007255,0.9754868000000001,0.952940019082072,0.8189560766890445,0.9805926399999999,0.0200521294635652,25.58956723494296,0.7922726135140014
aurora,100,41,0.6,1,97.12394800000001,94.24365460966501,117.8997775,0.03972207679947505,1.5618424565419138,7.465873192355702,0.00012631578947368423,0.0003032456013478879,0.9712394800000002,0.9424365460966502,0.6955059775240033,0.97120924,0.009170122294908581,3.1031376731820575,0.6742752299701009
aurora,100,41,0.6,2,97.30011200000001,95.82103548390627,123.89616250000002,2.207587254847294,1.6174199963944884,16.734315676956136,0.00030315789473684215,0.00040272754274349123,0.9730011200000002,0.9582103548390627,0.6618445506736336,1.0557688400000003,0.08638239722379117,267.91812234153775,0.8100077025288097
aurora,100,41,0.6,3,95.871976,90.579705088635,117.73377749999997,0.560383170024149,1.7448056278571316,6.616724022912559,0.0005621052631578947,0.0011236032264666722,0.95871976,0.90579705088635,0.6964866136228409,0.96078908,0.012673592553503168,1.0803941255945988,0.32983289085619666
aurora,100,41,0.6,4,96.59466,93.03850750692455,120.45217249999999,2.8807007951903882,3.5165953577009708,19.512235375989594,0.0014273684210526314,0.0023151310068649177,0.9659466000000001,0.9303850750692455,0.6807681281132559,1.00584408,0.07391312182896036,14.32974893109337,0.5822323023514132
aurora,100,41,0.6,5,97.18928,94.50991500658999,117.35975499999999,0.05499733964858013,2.2618415385759163,7.759932447174429,0.00017052631578947367,0.00037802812482392727,0.9718928,0.9450991500659,0.6987062984240211,0.97238072,0.01027531245787433,3.7628147840001853,0.5017247252131843
aurora,100,41,0.8,1,96.991176,92.254031117407,125.68634999999999,0.5420427565034835,3.3832691895868776,21.10436944584175,0.0008778947368421053,0.0014034543849111435,0.96991176,0.92254031117407,0.6524177048661212,0.97195108,0.018947894751260436,4.28853657002257,0.4150702718826649
aurora,100,41,0.8,2,97.077932,95.59203555270815,137.0038775,2.736324172888262,2.060940874905087,24.61334417253477,0.0006063157894736843,0.0005635227544091207,0.97077932,0.9559203555270815,0.5985232060311578,1.0019583200000002,0.054087070497559786,109.86533749677591,0.9876912874538815
aurora,100,41,0.8,3,97.321212,94.98652546811999,135.4869825,0.05305344768795919,1.8138086746075661,11.850083764452727,0.00023368421052631582,0.00048410525171375913,0.97321212,0.9498652546812,0.6052241956159884,0.97563064,0.010016791981804192,5.745921587080307,0.6478606997759068
aurora,100,41,0.8,4,97.49655600000001,94.12728756043484,148.59855,0.2718279523677098,3.048098336455534,3.4076714302167916,0.0011052631578947368,0.0013026612436813625,0.9749655600000001,0.9412728756043484,0.5518223428155928,1.0392232000000001,0.06357899374988896,30.294578537228666,0.5073748923520106
aurora,100,41,0.8,5,97.164644,94.91724450196499,131.19275,0.03550572947093493,1.5833958704370663,7.931859814597143,0.0001831578947368421,0.0005489895023442713,0.97164644,0.9491724450196499,0.6250345388750522,0.9732338400000001,0.0072266906551812825,3.387750585626758,0.5092297401147446
aurora,100,41,1.0,1,97.392752,93.67823070537756,159.58447500000003,0.3460710750485555,2.908388432686294,8.650338094206427,0.0020652631578947367,0.0030158458706952313,0.97392752,0.9367823070537756,0.5138344441086765,0.9841364800000001,0.018822070043816003,13.367428594136323,0.5637563198354261
aurora,100,41,1.0,2,95.41815599999998,90.886121678345,143.7454575,0.4731110196004398,1.8606245384025908,12.56277953077091,0.0006063157894736842,0.0011547977722254413,0.9541815599999999,0.9088612167834501,0.5704528089174575,0.9534292000000002,0.018552718895764677,0.6603945179545047,0.1775452897203991
aurora,100,41,1.0,3,97.209372,92.83773560555278,157.48845,0.5056210057428617,3.2198947506850986,13.981060207426479,0.0015157894736842106,0.0023382764682785616,0.97209372,0.9283773560555278,0.5206731033291647,0.9924003600000001,0.0378731718587515,7.7926132553648255,0.4763907716860682
aurora,100,41,1.0,4,97.499352,96.23083634700909,139.29557,1.2567933051917228,2.059840154050544,33.93757450036371,0.0011052631578947368,0.002270005796421999,0.9749935200000001,0.9623083634700909,0.5886762945871143,1.07096436,0.12351121207966423,53.074682094146006,0.864883586035401
aurora,100,41,1.0,5,97.319664,93.32291705045402,162.812725,0.4368536713507511,3.1081075779309506,7.70847182014527,0.0016357894736842105,0.0017772835570345163,0.9731966400000001,0.9332291705045402,0.5036461369957416,1.05914872,0.11500412201700742,11.257449948495424,0.486685834449077
aurora,100,41,2.0,1,94.84396799999999,91.21765580898,219.38515250000006,0.19658997505093198,1.0626142071366202,26.0686267982551,0.0003536842105263158,0.001095790990443361,0.9484396799999999,0.9121765580898,0.3737718759249215,0.948578,0.022409491740120423,0.3199356097552215,0.11966330727242776
aurora,100,41,2.0,2,95.021468,91.68368239504501,221.6430825,0.09496003467387354,1.2953280785082644,22.14881380129749,0.00031578947368421053,0.0009467506757881206,0.95021468,0.9168368239504501,0.3699641742710378,0.95287908,0.010938140882425566,0.3904530463371326,0.14271630035058996
aurora,100,41,2.0,3,95.282968,91.42180989004001,225.94987,0.2777411973990035,3.5044692700194937,21.069953316614534,0.0006000000000000001,0.0018106352476410044,0.95282968,0.9142180989004001,0.36291235750655665,0.95566496,0.017096317448669598,0.5460356320173559,0.16123297241273643
aurora,100,41,2.0,4,95.277996,91.57965446209501,222.72540249999997,0.26557629504235153,1.6577190537157143,23.619956437649094,0.0007326315789473683,0.0017874651266381024,0.95277996,0.9157965446209501,0.3681663567764796,0.952534,0.022489739175946558,0.5412774658454768,0.16055866002748356
aurora,100,41,2.0,5,95.28841599999998,89.73832991894001,226.71037499999997,0.28077950154600256,6.9995451759714085,21.696542912151134,0.0007010526315789473,0.0017079874275390844,0.9528841599999999,0.8973832991894001,0.36169495992408823,0.9556604799999999,0.020311679353038046,0.569771832132846,0.1636674851087949
aurora,100,41,4.0,1,94.167096,91.19948588644999,365.921425,0.08924915935915316,6.978878122350426,30.787823747159923,0.00017052631578947367,0.0007433069777406199,0.9416709600000001,0.9119948588644999,0.224091825178042,0.93957484,0.036728303268967685,0.07937852406219238,0.043790607193902625
aurora,100,41,4.0,2,94.32125200000002,91.305280805315,368.369925,0.10793345404022314,5.910920684195876,28.82156629627188,0.00019578947368421054,0.0008534265299984898,0.9432125200000001,0.9130528080531499,0.22260232020841547,0.94673056,0.027523447980574087,0.11799071566663923,0.061290247202475494
aurora,100,41,4.0,3,94.2561,91.379876114375,369.4435500000001,0.054153795026661414,8.620654024702931,23.200402502690377,0.00039789473684210527,0.001734382948061447,0.942561,0.9137987611437499,0.22195542458380985,0.9415303199999998,0.025753639797892244,0.09368917021103944,0.05432291154444774
aurora,100,41,4.0,4,94.324264,93.47850587770002,372.93562,0.06459162911383133,16.44431594950519,47.820823543598664,0.0006757894736842106,0.0017013926184468013,0.94324264,0.9347850587770001,0.2198770929953004,0.94605996,0.02434076689598399,0.11070489983082045,0.05730707925918443
aurora,100,41,4.0,5,94.00695199999998,91.17555865377,373.595575,0.05282972624135864,8.604917245849649,25.220837863432543,0.00045473684210526314,0.0015406902075983584,0.9400695199999999,0.9117555865377,0.21948868104232766,0.9421498399999997,0.025594195944812846,0.03559920742844885,0.03189410372521951
aurora,100,41,6.0,1,94.126248,91.23486010067,531.38775,0.07071605561755512,2.2365420703774435,42.075692257650694,0.0006252631578947368,0.00225728294987347,0.94126248,0.9123486010067,0.15431292874177097,0.94449668,0.02706314312289143,0.07207010089248227,0.04754744117390159
aurora,100,41,6.0,2,94.132768,91.10208006681499,531.9933749999998,0.0831066982923316,12.999924178282072,41.6721130910156,0.0006505263157894737,0.0028355784706401432,0.94132768,0.9110208006681499,0.15413725781829526,0.9443809200000001,0.02921220798620081,0.07316092858826904,0.0480234611426226
aurora,100,41,6.0,3,94.233888,91.30454746557001,519.6231249999998,0.12598601466244802,16.836718890458496,57.393824082954524,0.0009536842105263157,0.0031385279821497273,0.9423388799999999,0.9130454746557001,0.15780667960072028,0.9400105999999999,0.04153617230754545,0.09698777658253664,0.05630107730550956
aurora,100,41,6.0,4,94.232404,91.49551317971,527.824575,0.06616198036875708,9.810796645631955,39.0580481123845,0.0006821052631578947,0.002074628692206467,0.94232404,0.9149551317971,0.15535464600146745,0.9454551599999999,0.03454380313683208,0.09378026178932086,0.06657117315749876
aurora,100,41,6.0,5,94.23841200000001,91.40418423954,520.78755,0.11891737961600587,20.078520664648124,54.33796872399629,0.0009726315789473684,0.002726432023533205,0.9423841200000002,0.9140418423954,0.15745384082242364,0.9399466399999998,0.05106743340426819,0.09710327433896379,0.056412238226063297
aurora,100,41,8.0,1,93.97945200000001,89.112862121005,678.3287,0.033919823981667166,8.677796434115638,32.924421789431946,0.0,0.0,0.9397945200000001,0.89112862121005,0.12088534658787103,0.9448886,0.004966630609641885,0.03077043574292415,0.02851111985232013
aurora,100,41,8.0,2,93.99764400000001,91.22590277651999,672.3135500000001,0.040849237369677445,0.176313513791257,24.746094608889422,0.0,0.0,0.9399764400000001,0.9122590277651998,0.12196690071172892,0.94489108,0.004160591352908227,0.03657922637701768,0.030216968250931973
aurora,100,41,8.0,3,94.013808,91.19157113559001,679.1247000000001,0.0716129780652095,15.28781551335526,54.782097633403836,0.0010231578947368421,0.003749425219108151,0.94013808,0.9119157113559001,0.12074365723997374,0.94370628,0.03434361017570271,0.03553792154178565,0.031189463897022776
aurora,100,41,8.0,4,93.97089999999999,91.05275108878502,663.3034,0.042999447732071816,0.39892912300119027,20.548092186764936,0.0,0.0,0.9397089999999999,0.9105275108878501,0.12362366904798015,0.9444908799999998,0.004353114713276866,0.028435140921406286,0.027322861627897557
aurora,100,41,8.0,5,93.98981599999999,93.14412799696501,692.2965499999999,0.07588738515236411,32.879238925650455,59.560994572105855,0.0013452631578947368,0.004784738897347427,0.9398981599999999,0.9314412799696501,0.11844635077265661,0.9456201200000001,0.037624681535306875,0.02701346347462064,0.027385478255062046
aurora,100,41,10.0,1,94.02006800000001,93.92742925587001,773.76155,0.08843958827774406,13.03808987506672,52.75315709731704,0.00017052631578947367,0.0007433069777406199,0.9402006800000001,0.9392742925587001,0.10597580094280983,0.9351137999999999,0.055547871742602624,0.03445417550315627,0.03385522585236329
aurora,100,41,10.0,2,93.97741199999999,86.906821944715,838.9367500000001,0.04397879125214934,15.513904038321654,43.34436918371532,0.00030315789473684215,0.0013214346270944359,0.9397741199999998,0.8690682194471501,0.09774276785466841,0.9460993999999999,0.006771247855143793,0.03186123723833379,0.028536320668298185
aurora,100,41,10.0,3,94.02816399999999,93.742212311855,775.830825,0.09148624874523018,13.082711046410395,53.340500131670225,0.00011368421052631579,0.0004955379851604134,0.9402816399999999,0.93742212311855,0.10569314515184415,0.9351857999999998,0.054859243138551735,0.03793991071135245,0.036445243501574534
aurora,100,41,10.0,4,93.972908,90.980108410855,820.683275,0.04550605484293693,0.4638390815104986,26.03697787887703,0.0,0.0,0.93972908,0.90980108410855,0.09991674315526901,0.94440092,0.004285003959415948,0.027315702556947208,0.026379393264884532
aurora,100,41,10.0,5,93.991484,95.31631663677501,773.8796750000001,0.09090865921352134,18.981422155460933,46.242040418431664,0.0,0.0,0.93991484,0.9531631663677501,0.10595962479567639,0.93449936,0.04599282049279568,0.026375200843341433,0.027080267502323035
