aqm,qmult,min_delay,bandwidth,protocol,run,delay_mean,efficiency_mean,efficiency_std,fairness_mean,fairness_std,retr_mean,retr_std,efficiency1_mean,efficiency1_std,efficiency2_mean,efficiency2_std,util_mean,util_std
fifo,0.2,10,100,cubic,1,22.666322661601683,91.006168279548,1.0574458123762769,0.5038931020903827,0.16418402707088933,0.18616456251878005,0.46028384589695714,0.8038702948370527,0.015074450042336115,0.8021207426282713,0.013638586156545996,94.63339804292929,3.5646469378461108
fifo,0.2,10,100,cubic,2,22.627546174992187,91.043714565836,1.0861171337409126,0.46694373471309086,0.1582787612567428,0.25177001953125,0.7940847408147962,0.8050547241249202,0.013473456215232531,0.8026373013217875,0.012209657817264878,94.55638257575758,3.7468817337465956
fifo,0.2,10,100,cubic,3,22.631409087528258,90.972908220476,0.6171179101342485,0.4810009066185191,0.10151333756644605,0.11620154747596154,0.07800085492748325,0.8042310810192986,0.012925098527825373,0.8031692647671779,0.012593354301638056,94.53898910984849,3.6233735976062853
fifo,0.2,10,100,cubic,4,22.627865782856716,91.110701248436,0.8871236940461132,0.478699145955533,0.11973093590903368,0.11091965895432693,0.07386674883721955,0.8054423441100643,0.016795098399309465,0.804436528145796,0.016821033502665447,94.52526120580809,3.757237930365746
fifo,0.2,10,100,cubic,5,22.556483746400566,91.02513913032361,0.8196332005558302,0.5394422417302149,0.1749236416538255,0.10695824256310096,0.05127589741681205,0.8068955737068753,0.02132628081315636,0.8059163329111817,0.021176639619832998,94.50126341540405,3.753550556000537
fifo,0.2,10,100,orca,1,23.22605191174548,94.36452737500001,8.811682120825896,0.3249954470029723,0.12103575302407633,20.927282480093147,3.0269515800203743,0.8123994939782847,0.07529151231105308,0.6349357296086421,0.07244804155859773,85.56678109217174,28.83978103435577
fifo,0.2,10,100,orca,2,23.152310596489304,94.78313254166666,10.356218339212232,0.2521943323476102,0.12544291297775673,21.6671870304988,4.1672509888202365,0.8182622133402901,0.08771684808561075,0.6342451672303403,0.10766079856576044,93.06961332070706,13.730480021937474
fifo,0.2,10,100,orca,3,23.048056185920146,81.18708970270272,13.169768790084674,0.7606126051083872,0.22403087805157415,19.61825444148137,2.7597579729912374,0.7046967511825156,0.11781678655059932,0.42033224813219083,0.07662617490197118,93.02752919823232,13.779190362184817
fifo,0.2,10,100,orca,4,23.12674244885274,95.09343766666666,6.813160504961713,0.12981432720687605,0.04015537652585982,26.448616614708534,3.2016410207306913,0.8220757150793873,0.059380643516971074,0.5925469728899057,0.059055481255256434,93.06427162247475,13.686307614860224
fifo,0.2,10,100,orca,5,23.267615688929038,95.34683045833333,9.709121657782829,0.20918650782580003,0.04762555471868909,20.24415823129507,3.564682281476997,0.8194990129028374,0.08382395677729344,0.644055424866524,0.09521926685733871,93.18043323863635,13.609239737755201
fifo,0.2,10,100,aurora,1,20.165451041666667,2.1570112800000003,0.770097894428122,0.8943457991522125,0.22980213828079857,0.0,0.0,0.021493398105269415,0.007807901474051436,0.021493398105269415,0.007807901474051436,1.3606234217171718,0.8157184274498969
fifo,0.2,10,100,aurora,2,20.15471666666667,2.14909636,0.7409679147748731,0.896677920599828,0.22785023529540158,0.0,0.0,0.021406479781201943,0.007505988659225111,0.021406479781201943,0.007505988659225111,1.409481534090909,0.9162847112938464
fifo,0.2,10,100,aurora,3,20.15579166666667,2.31121856,1.2281097774855092,0.8634263824916947,0.2618216991015124,0.0,0.0,0.023087185678519584,0.012435392698404437,0.023087185678519584,0.012435392698404437,1.4390183080808079,1.0225472379551233
fifo,0.2,10,100,aurora,4,20.151894791666667,2.22549984,0.9759321569715488,0.8783335642468485,0.24751152220650383,0.0,0.0,0.02220069282652243,0.009891720882352057,0.02220069282652243,0.009891720882352057,1.4206060606060602,0.9491753692669498
fifo,0.2,10,100,aurora,5,20.1420875,2.2068807599999998,0.9545877762313724,0.8815658020850355,0.23776353528311306,0.0,0.0,0.022025310259201278,0.00966115224369488,0.022025310259201278,0.00966115224369488,1.4117384785353533,0.9184714585255688
fifo,0.2,100,100,cubic,1,224.65350209898654,90.28918534400684,4.288732459905907,0.14604362357513118,0.07794404373279812,0.029050386868990384,0.08983317682955824,0.8157726082694783,0.0725042322379597,0.8154669387969031,0.07237444342909617,86.20475220959595,18.50036740450422
fifo,0.2,100,100,cubic,2,221.51138519450922,90.39407549592812,3.1949390498171666,0.6473637389457706,0.1756017891309361,0.12456453763521634,0.5386395141472985,0.8233698445457556,0.0588501253412256,0.8220915211211727,0.057303658445784875,82.76561474116163,24.66020647699605
fifo,0.2,100,100,cubic,3,219.1258161930239,90.4149495665613,5.154341908405987,0.6035149418971539,0.15067827869716,0.13820941631610578,0.5710858485835263,0.8320993376514654,0.06927898212946414,0.8307390049072416,0.06932294617049352,85.36107717803031,19.353908027392706
fifo,0.2,100,100,cubic,4,223.55288889053202,90.3852212520353,5.402004072636685,0.18963304171623727,0.06800940709661152,0.09859525240384616,0.3750042485262383,0.8183431888195006,0.07802467902007994,0.8173889398335423,0.07972842962724355,86.43180160984849,18.991872415841772
fifo,0.2,100,100,cubic,5,222.72609008871623,90.70361216279206,4.869862110366804,0.44608406321780364,0.11276208144104188,0.0774676983173077,0.2744350994410023,0.8196687380268549,0.07386427150496266,0.8188471351068111,0.07296440699042796,81.73244554924243,23.930711645269
fifo,0.2,100,100,orca,1,220.84429769326078,90.82513615,13.997611703002466,0.010292927063433465,0.0034678006541073105,11.793136596679688,3.0690114095967735,0.8208438521009814,0.12704703566065903,0.7166229961242709,0.12567380371476142,85.2721204229798,18.776466345607624
fifo,0.2,100,100,orca,2,219.58087998169802,87.30977733333333,14.867987141105656,0.005586918702489069,0.001755395332968621,10.136643923245943,3.1378223775034906,0.7943158561557906,0.12882088090255003,0.6997467521626646,0.11884001310210277,85.13653014520202,18.490272468274465
fifo,0.2,100,100,orca,3,219.9957555194843,92.13369494736844,14.954547433362505,0.004029766964736477,0.0017825424623633698,10.942312387319712,3.1699410313478036,0.8363033228260991,0.1312006538744407,0.7325122834369477,0.1366925362940314,85.70238520408164,18.042637924647178
fifo,0.2,100,100,orca,4,230.25073084974366,95.96963757142858,24.461067818282423,0.007468071361985408,0.004261970876765922,29.92541973407452,16.769171039104997,0.8520894257727291,0.2164039666570917,0.5923144091458161,0.22870858192498444,87.84577967171717,18.65583432495114
fifo,0.2,100,100,orca,5,228.08544592585582,95.98181527777778,17.260839156248075,0.009907301379022902,0.0023540326953698596,26.550926795372597,8.623308155198227,0.8460906086866685,0.15291677606184748,0.6080266515960107,0.16649384594041727,85.87334438131312,18.909350187672345
fifo,0.2,100,100,aurora,1,241.9129375,96.23033095999999,0.22675328241569054,0.00216511768850465,0.00028122790955821666,0.017852783203125,0.007445992010476354,0.795571730460544,0.0020660016215340313,0.7954258657350977,0.002055597873520659,81.3273374368687,30.623181807584235
fifo,0.2,100,100,aurora,2,241.89504166666666,96.22997888,0.19227261597237308,0.0020627187590290955,0.00025272011371220974,0.057220458984375,0.04099690486946998,0.795630929219549,0.001599736904288675,0.7951617569093399,0.0016391442347117957,81.5418631628788,30.39529162075319
fifo,0.2,100,100,aurora,3,241.9194375,96.22869552,0.21248154836599029,0.0021260339518278664,0.00027182699955420847,0.034332275390625,0.008740569486533813,0.7955636208732525,0.001782124427230258,0.7952797937738393,0.0017479142332525528,81.49958096590909,30.414253973187513
fifo,0.2,100,100,aurora,4,241.94292708333333,96.22735152,0.10638646673963575,0.0020961578707909966,0.00024201086700390616,0.04119873046875,0.008740569486533813,0.7954589865403889,0.0009017925948162571,0.7951160580092234,0.000876825126960954,81.51636916035353,30.424295749486923
fifo,0.2,100,100,aurora,5,241.92627083333332,96.2309762,0.2422979440179657,0.002219706429877136,0.00026130897847293324,0.040740966796875,0.012396298835198914,0.7955490800148871,0.0020291263575603568,0.7952140119080858,0.002017876500159933,81.54611505681818,30.384128958520645
fifo,1.0,10,100,cubic,1,38.430619835427535,90.95281201819758,0.8380863365468735,0.29580594842918406,0.11768969385452101,0.045336209810697116,0.02793498245556259,0.47446645145195254,0.02099374840122215,0.47422488220436887,0.020976527563816807,95.13445470328283,2.33463604206679
fifo,1.0,10,100,cubic,2,38.502678058781086,90.8519607083064,0.8725284209736759,0.3492784522466451,0.1520455666536256,0.0457763671875,0.050561650164126254,0.4724494102489527,0.019788983444008083,0.4722030885333886,0.019809532528518005,95.13384075126265,2.3347620787638257
fifo,1.0,10,100,cubic,3,37.91693556744517,90.98722342064679,1.0405730701822689,0.5042794582967948,0.17322401059670403,0.039614163912259616,0.031587479454752175,0.48104662137357296,0.01963865012371125,0.4808293981050094,0.019628519661183955,95.13198390151517,2.353903174856823
fifo,1.0,10,100,cubic,4,38.40126896898129,90.94711228784439,0.8282986670380499,0.42276527153922344,0.17667298199774328,0.04137479341947115,0.02651019318761087,0.473257526990692,0.0158702522938983,0.47303600331861356,0.01584900430458461,95.12325441919195,2.350170771518222
fifo,1.0,10,100,cubic,5,38.4760365026098,91.08760483791158,0.914899028862613,0.46203974149580856,0.14772368861124668,0.04137479341947115,0.03502369613655384,0.4733257215230689,0.014089164311731498,0.47311477238187405,0.014068224320113894,95.1291785037879,2.387664251045134
fifo,1.0,10,100,orca,1,35.4842986959292,96.78463129166666,9.471166636526423,0.23316135156320758,0.056627966303632656,10.02810551570012,7.606125022890154,0.546338537720456,0.05347943224899823,0.4849014098012027,0.067162630634672,91.51590751262628,15.726623961538664
fifo,1.0,10,100,orca,2,35.018704565209966,96.06802950000001,2.7583630416344835,0.2874599954065018,0.02022577660167212,3.9068368765024037,4.577652828481644,0.5487294436791221,0.02088935014323858,0.5243347748737737,0.028405538606287903,91.83626736111113,15.553708233598748
fifo,1.0,10,100,orca,3,34.56889705838115,95.66267816,0.6445157563605844,0.2926448822031926,0.007030589062278319,0.03565274752103365,0.12826889830007518,0.5530744642667583,0.004111780864235523,0.5528517763236261,0.003714617003393159,93.23312421085862,13.614896512725975
fifo,1.0,10,100,orca,4,33.924901652777294,95.96419112,1.1012888772469946,0.24038631712719308,0.0082542566486307,0.6774022028996394,1.618795062470904,0.565780198436762,0.009997111779623593,0.5614117467541053,0.007280305724464007,93.22658301767679,13.622551403576631
fifo,1.0,10,100,orca,5,36.094326979777996,95.96432932000002,1.6996407750945648,0.31810799417586155,0.023079174819326483,0.5356715275691106,1.92592340131054,0.5320734287449896,0.016346133252594555,0.5287522196038222,0.008850592158740974,93.2129505997475,13.62823892001343
fifo,1.0,10,100,aurora,1,20.162622916666667,2.34755156,1.3235938881496432,0.8618345269447228,0.26873372756461017,0.0,0.0,0.023455300564563006,0.013398758057287172,0.023455300564563006,0.013398758057287172,1.483984375,1.1557839242660526
fifo,1.0,10,100,aurora,2,20.153480208333335,2.28048196,1.1367562399427915,0.8676892357660535,0.25692113756383506,0.0,0.0,0.022772296205982614,0.011515596560055859,0.022772296205982614,0.011515596560055859,1.458510101010101,1.0427444358435611
fifo,1.0,10,100,aurora,3,20.156675,2.1737868799999998,0.8253191941213976,0.8851105443809467,0.23216415925100203,0.0,0.0,0.021665222341364993,0.008363088318536905,0.021665222341364993,0.008363088318536905,1.4460116792929294,1.0125328496599715
fifo,1.0,10,100,aurora,4,40.930121875,96.228004,0.030264953138904878,0.002191682345862824,0.00019763004295522067,0.332794189453125,0.05586154940181115,0.4703192534191712,0.00771207623315349,0.4686891814854719,0.007463895886902538,66.84073311237373,43.307400178235326
fifo,1.0,10,100,aurora,5,39.09933125,90.08682128000001,21.54756994916249,0.004881891939131551,0.011303757829413645,0.00274658203125,0.005983118874114274,0.44821595078737236,0.08479375386560674,0.44820178720990844,0.08478857925732727,19.940214646464646,37.375459459679476
fifo,1.0,100,100,cubic,1,373.05810337638286,91.8650546865077,8.442661272652948,0.30441445534940786,0.12256072337613709,0.031251173753004804,0.09078030083498626,0.49602233041743027,0.06878319872367147,0.4958852847950632,0.06855012415145191,92.00172979797983,16.25390888233746
fifo,1.0,100,100,cubic,2,370.23617607423176,92.51822016739756,9.167470085713402,0.06299811874399824,0.03372562595777352,0.05634014423076923,0.16902960238892056,0.5020379043529097,0.0746154522976686,0.5016411781634037,0.07402205095058784,92.17614188762627,16.222009257795907
fifo,1.0,100,100,cubic,3,376.0266444669023,92.62563161917308,9.127737578066194,0.1020948743767404,0.08238591575696412,0.057220458984375,0.15962764685817896,0.49603239540963634,0.07912137899720759,0.4958081463577657,0.07877286474566729,81.25590119949494,29.035226154690406
fifo,1.0,100,100,cubic,4,374.1750745563065,91.59269222207942,4.271358642554776,0.13902733940343637,0.05665807794059882,0.03301180326021635,0.09276504420718697,0.49292202462540474,0.0554352449749113,0.492699171733912,0.05505751147066122,92.171695864899,16.190810686493354
fifo,1.0,100,100,cubic,5,372.51184763529795,92.58503131063658,7.650238506827908,0.05557999117736144,0.05472928820857359,0.03917400653545673,0.1102998203543845,0.4971582789563176,0.062045495994562605,0.496892843042355,0.06156304252917131,91.95559027777782,16.61810907467457
fifo,1.0,100,100,orca,1,362.9838600105327,96.12515563636363,12.932282163149036,0.015588650534732131,0.0034745530238265167,5.296413715069111,2.7832445704312514,0.543651779742481,0.06805730889466576,0.50799893244377,0.0731263762620686,91.52080571338387,18.099338857399644
fifo,1.0,100,100,orca,2,364.63221292129316,90.5301745,23.201024510141636,0.0026639840988905714,0.0010767322693378734,3.559112548828125,1.7832612600595747,0.49265329260020707,0.11977225472870845,0.470672545624356,0.12361922475954007,91.46840435606062,18.139407377948704
fifo,1.0,100,100,orca,3,372.030513913366,91.0712053846154,15.615237886098761,0.003255660335271918,0.0006203652264824941,4.867260272686298,2.6931442654525046,0.48408734234892586,0.07848617139669253,0.45029943344365453,0.07617294306817926,91.6694349747475,17.983291186306676
fifo,1.0,100,100,orca,4,366.7561449768782,95.6373017368421,26.257172556419462,0.006530660734181103,0.0018459749781349745,3.680741236760066,2.077009618776629,0.5227130091451879,0.1433540105726608,0.4986680864992732,0.14728838236124053,91.65558159722222,18.160194591360785
fifo,1.0,100,100,orca,5,372.2286281198604,90.72110171428572,12.36288225608508,0.009917476148089686,0.002985262151181742,5.347912128155048,2.6268611246339324,0.5019546402571317,0.06634622113483876,0.46703519658998943,0.06724210567359212,91.54015625000001,18.08178838306991
fifo,1.0,100,100,aurora,1,409.66428124999993,96.23433035999999,0.3646828115194638,0.002138512552999823,0.000304140428625369,0.040283203125,0.07783665194609962,0.4698243759966941,0.001806531253818341,0.4696265054167071,0.0014567018692177973,81.48711095328282,30.431982890166704
fifo,1.0,100,100,aurora,2,409.6156875,96.23094908000002,0.4017682866758031,0.002223003071405762,0.00027634326947129843,0.011444091796875,0.007387129490294298,0.4698743513677341,0.001985642150742662,0.46981847506188995,0.001983288037566002,81.4309201388889,30.485361687727917
fifo,1.0,100,100,aurora,3,409.61523958333333,96.23233636,0.3812156719397687,0.0021082565458933776,0.0002531594125638459,9.08477783203125,2.0580566093306167,0.4698916960426856,0.0019227627695692921,0.42368796738080855,0.004195283865731094,81.45044191919192,30.468486162043593
fifo,1.0,100,100,aurora,4,409.65929166666666,96.2365134,0.35495438993493683,0.00211967864559928,0.00025504271307724626,5.47393798828125,4.904831161088643,0.46981962100373503,0.0017462131066392098,0.4419830473556279,0.023708621363888724,81.41333017676769,30.508471792857407
fifo,1.0,100,100,aurora,5,409.6342916666667,96.23004308,0.38095024985695636,0.0021624459194127966,0.0002538413577045385,0.010528564453125,0.006540843276780032,0.4698415670471334,0.001886647878115581,0.46979034976732176,0.0018963080784793057,81.30767282196969,30.609704496089385
fifo,4.0,10,100,cubic,1,97.44529496577364,91.6575745313232,2.9488266046860656,0.27074538828006633,0.09081123839306424,0.025088970477764424,0.055313616277268066,0.18926641154584437,0.013049185505035045,0.1892121443733673,0.013014105986988388,95.12272411616165,2.452391742726138
fifo,4.0,10,100,cubic,2,94.75451840638767,91.76347576057162,2.4804961870307567,0.25769341912363536,0.13422676847760534,0.02464881310096154,0.04948214697002462,0.1955448783474798,0.013753779045013403,0.19549000320235763,0.013690053952676924,95.1313107638889,2.3637820202692006
fifo,4.0,10,100,cubic,3,96.09779734693167,91.81160738393761,2.8901702555791657,0.18795233389442143,0.06224406861370097,0.0286102294921875,0.06435203210224708,0.19169350848038022,0.012572824016382891,0.19163608305405685,0.012558928647473074,95.12860164141415,2.2988831197878117
fifo,4.0,10,100,cubic,4,96.52178085156598,91.95492081767439,2.940120216532658,0.3677119752340729,0.09146748985917885,0.043135422926682696,0.16569235557412829,0.19078774934090972,0.014233645323777343,0.19068521632865768,0.014144290232175524,95.13090119949497,2.3692449133115336
fifo,4.0,10,100,cubic,5,95.02908748005218,91.6583434297484,1.5669284996463482,0.4651353672957903,0.14688374752412947,0.051938570462740384,0.19111923222602853,0.19378498885577147,0.014452362089677267,0.19366503749479638,0.014439076752632308,95.15875000000001,1.9948333580727482
fifo,4.0,10,100,orca,1,47.047422960302725,95.50608252,0.6502170665462493,0.22792581111923824,0.012478930283351744,0.0,0.0,0.40484713228568164,0.0036122402087308972,0.40484713228568164,0.0036122402087308972,92.69619239267679,15.41451884907623
fifo,4.0,10,100,orca,2,38.04459360721059,95.70385644,1.0843061979671997,0.41918832863218086,0.00988805007878433,0.0,0.0,0.5034318898899005,0.011202439521646708,0.5034318898899005,0.011202439521646708,93.23162010732324,13.637211154786407
fifo,4.0,10,100,orca,3,49.048664096944215,101.036494125,15.435236503927271,0.06461918985982489,0.020698027371403912,2.72369384765625,11.001868700712246,0.4356277379104494,0.06827021514980512,0.42936125518300616,0.08345034648899333,93.22099905303033,13.630313307608496
fifo,4.0,10,100,orca,4,45.12693494134919,98.6263525,13.075055228199117,0.29817807655570117,0.12794924974499441,2.5106576772836537,8.74064584996248,0.4770630990960451,0.09229021969917968,0.4717314170171623,0.10920008881239392,93.22733349116166,13.608329223162736
fifo,4.0,10,100,orca,5,55.135606919820596,95.39449060000001,1.3274821722334604,0.1311749337523523,0.012103995176562398,0.0,0.0,0.3441450267544441,0.005257620894067107,0.3441450267544441,0.005257620894067107,93.23873974116164,13.60627563395484
fifo,4.0,10,100,aurora,1,103.837375,96.22983031999998,0.17993808945178852,0.002216869954549888,0.00024737159474589086,9.492645263671875,0.6116179203649742,0.18534465497492317,0.0004014659624262342,0.1670668962099835,0.0009995477704276968,67.27080492424241,43.12510219703399
fifo,4.0,10,100,aurora,2,103.80746875,96.22979432,0.15969509866245118,0.0022366476081737722,0.00030677828079208626,0.24444580078125,0.043185338434097005,0.1854009036591576,0.00037227777936064326,0.18492322217287827,0.0003929955578518628,66.91332228535356,43.264741920010714
fifo,4.0,10,100,aurora,3,20.168232291666666,2.28188324,1.1962724840111778,0.8727767138715311,0.2519353954494164,0.0,0.0,0.022770696633060788,0.012111967597276783,0.022770696633060788,0.012111967597276783,1.5219554924242424,1.2296463977114047
fifo,4.0,10,100,aurora,4,103.83086458333332,96.22892803999999,0.21248250694498086,0.0021532491793347574,0.00028854707253572195,9.3438720703125,0.36213694883346637,0.18536315221441282,0.0004928622082661066,0.16736539132745828,0.000624623754325517,67.50669270833333,43.00258579389224
fifo,4.0,10,100,aurora,5,20.156049999999997,2.20919384,0.9577484419969351,0.8856448301425958,0.2398982621481208,0.0,0.0,0.02202732158698617,0.009705216539719596,0.02202732158698617,0.009705216539719596,1.3859580176767674,0.8753177213471693
fifo,4.0,100,100,cubic,1,965.9634500001891,101.03655427039168,30.79254663580992,0.08349815920654396,0.11036495541187384,0.21875821627103365,0.5931999644446666,0.21174076860348756,0.07473120414504385,0.2112273234552814,0.07386394058693867,92.2638170770202,16.2537975932647
fifo,4.0,100,100,cubic,2,920.8260819882456,100.30690437942835,25.07689838359801,0.044282663905946304,0.05535315025685019,0.1659393310546875,0.6159537231200923,0.2150131562617725,0.053598553984585,0.21458026141027328,0.052778818005046094,92.22360637626265,16.35572294160992
fifo,4.0,100,100,cubic,3,947.5234711498468,98.54332166605644,29.205030979018524,0.057592239273503786,0.06362211196806843,0.20203223595252404,0.6737990656139674,0.2124532015154108,0.06845739539178584,0.21203010913940576,0.06742813769831278,80.59740056818183,27.47697485368477
fifo,4.0,100,100,cubic,4,962.4275490846485,97.56768886945247,26.9381280998179,0.07547864116069579,0.11880100871682393,0.2002716064453125,0.4995421445087799,0.20092645955873725,0.05621404446275593,0.20052840347128714,0.05570824949642425,82.72621448863636,24.317449780327852
fifo,4.0,100,100,cubic,5,938.8025709772031,99.76512687134287,24.17032730818302,0.03836840659901236,0.04393393016394851,0.16417870154747596,0.6060568206790894,0.2101640482424126,0.05351359763421732,0.20977005550085037,0.05282950411302855,92.31740688131315,16.17265403083359
fifo,4.0,100,100,orca,1,733.6539754622323,95.25234823999999,1.1341606603956174,0.41050743610302826,0.1845583024688133,0.0004401573768028846,0.0022443710533697207,0.26229427635088876,0.028169454844408262,0.26229269650850445,0.02816637133180798,91.66841303661619,18.048103734638733
fifo,4.0,100,100,orca,2,719.8004255140104,95.23186716000001,1.1123020368872638,0.4087391522998987,0.18126451789861964,0.0004401573768028846,0.0022443710533697207,0.26702945813648343,0.027671073920378726,0.2670278540621283,0.027668102083103083,91.6834643308081,18.011730933497848
fifo,4.0,100,100,orca,3,703.0740181482721,94.99289315999998,0.970983382045091,0.4491950531927424,0.20093867844543611,0.0004401573768028846,0.0022443710533697207,0.2729190418838469,0.028799238655965568,0.2729173739794191,0.028795747549087435,91.6524250315657,17.940048195385934
fifo,4.0,100,100,orca,4,752.2464152392309,95.3920224,1.2315863150567565,0.41148135474071773,0.18001463449002175,0.0004401573768028846,0.0022443710533697207,0.2562370250568973,0.027677349438861274,0.2562354946839341,0.027674658308776186,91.67948390151517,18.009737228161626
fifo,4.0,100,100,orca,5,752.0984001733574,95.43813224000002,1.416318261893239,0.4232684018527628,0.1871314779044218,0.0004401573768028846,0.0022443710533697207,0.25651184843445624,0.027747014331978865,0.2565103012547178,0.02774386822187218,91.68449179292932,18.004038264346033
codel,0.2,10,100,cubic,1,22.52693400322658,90.865293097144,1.751605112574427,0.5519259896511969,0.15363741071587564,0.09375352125901443,0.03662384463028556,0.8063635210447927,0.022071645785187565,0.8055043898342832,0.022053139630380747,94.48480666035353,3.942219320677928
codel,0.2,10,100,cubic,2,22.595397647141553,91.1563355776052,6.182754286656318,0.6322391241825821,0.16862039104368354,0.09683462289663461,0.028075278787857257,0.8025236562850244,0.05106380878065756,0.8016629553400726,0.05113068006161416,94.47358901515152,3.810021048780035
codel,0.2,10,100,cubic,3,22.599508922746942,92.031478935064,6.479129953334219,0.5594833714857443,0.12314950019993258,0.10167635404146634,0.04346669426774346,0.8164343403521115,0.05489398317441573,0.8155005713560831,0.0550283687572741,94.45543087121214,3.8140659024807966
codel,0.2,10,100,cubic,4,22.437679049782847,90.823908289848,1.2075218500966325,0.5225679322417048,0.14455039592876204,0.13556847205528846,0.17763626215368683,0.8091244393112283,0.021108787417079923,0.8079243224242821,0.021165146686655263,94.41193339646466,3.9526136484024694
codel,0.2,10,100,cubic,5,22.579163353647463,91.16056694628402,4.376343677374933,0.557885418529661,0.15779630927469687,0.09595430814302884,0.025503008607266887,0.804246511031747,0.041433343068710264,0.8033766906964667,0.041313475249936754,94.49130208333334,3.8777783575115854
codel,0.2,10,100,orca,1,23.279896460438817,96.233190625,7.053776363266169,0.2954573538943646,0.1414209727844345,19.99063198383038,2.340480180109029,0.8231312523662212,0.05910865339731887,0.6538386599041514,0.07051843193018299,93.14338462752526,13.639335584800047
codel,0.2,10,100,orca,2,23.20493885165782,96.33271424999998,6.7361023404608,0.25031415013002256,0.11896594950052644,21.22790996844952,3.3113418576307154,0.8302525999577153,0.05768551110078239,0.6495485604546372,0.06292549880123428,92.17725773358588,16.61473568477804
codel,0.2,10,100,orca,3,23.234254951057665,95.78553295833335,12.59816177055262,0.24120488509066007,0.13775515613174086,20.589681772085335,2.852410790985497,0.8245987538068773,0.10882482005678651,0.6491200397920286,0.11384307632356559,93.20197048611112,13.603622886289097
codel,0.2,10,100,orca,4,23.057660890850325,82.12045356756757,14.793739427256952,0.690755927984176,0.16070233450209473,20.23183382474459,2.6537786897739006,0.712924455773072,0.1312935905037024,0.4138175883389934,0.07922524427081547,93.2238723169192,13.623286507388611
codel,0.2,10,100,orca,5,23.216006352297075,96.26532766666666,9.28560322088618,0.20304737179736124,0.10422726146759731,21.156164316030647,3.2128829725460673,0.8293234884899956,0.08022744498303964,0.6504507490899886,0.08857106476709595,93.09756628787878,13.61740143466052
codel,0.2,10,100,aurora,1,20.149509374999997,2.22782496,1.0199521771921665,0.878810351948299,0.242177820438856,0.0,0.0,0.022236055032384284,0.010330315319789134,0.022236055032384284,0.010330315319789134,1.4651641414141412,1.0622449906579192
codel,0.2,10,100,aurora,2,20.15410625,2.27207368,1.1549280020304915,0.8716791834019046,0.2518361315299114,0.0,0.0,0.02268295417249848,0.011693959564018662,0.02268295417249848,0.011693959564018662,1.4348358585858585,1.0086395049572905
codel,0.2,10,100,aurora,3,20.15600520833333,2.2720764000000004,1.1668579800780885,0.8785134124792604,0.2519654690088677,0.0,0.0,0.02268296527657623,0.011824593501082366,0.02268296527657623,0.011824593501082366,1.4632946654040406,1.063394877738617
codel,0.2,10,100,aurora,4,20.148856249999998,2.22224504,1.0039534668960626,0.8863029612625798,0.24385156924621432,0.0,0.0,0.022183990465385984,0.010175641976100281,0.022183990465385984,0.010175641976100281,1.4562934027777776,1.0587662287136432
codel,0.2,10,100,aurora,5,20.155134375,2.1933502799999998,0.8654219912295926,0.8825436842148797,0.24090407469887282,0.0,0.0,0.021870991270562242,0.008778141631750868,0.021870991270562242,0.008778141631750868,1.4455681818181816,1.0009506580811955
codel,0.2,100,100,cubic,1,205.0539428376703,84.2832017880752,8.680858909846561,0.33088148664833,0.155618715950202,0.13292752779447115,0.6221383605404704,0.8338217899979953,0.08019359248564234,0.8323994639969654,0.08018370261326496,80.29439630681817,18.30369568882315
codel,0.2,100,100,cubic,2,205.19557774228775,86.97079428853493,4.34745193855074,0.5442743048360832,0.14465902260154972,0.034772432767427884,0.12297924640803921,0.8564623909982417,0.05084009986593558,0.856088550020705,0.050996001263815614,81.31096590909091,19.165562175665602
codel,0.2,100,100,cubic,3,204.49475415461026,82.19231132241075,10.214097221566929,0.5348550797091143,0.16412970403543456,0.1483330359825721,0.7030919243754122,0.8064861364173924,0.09270493923898812,0.804932445827118,0.09318813539157278,78.93585148358586,20.514077795744225
codel,0.2,100,100,cubic,4,204.30354476565964,83.22549173384472,7.670617411539275,0.3673033085697259,0.08084405978737283,0.12456453763521634,0.6050046771878099,0.8203472193155061,0.07151097603468835,0.8190040201811678,0.0730050135520515,75.92988399621211,21.867458015480757
codel,0.2,100,100,cubic,5,204.74878008714066,84.77298253764192,5.424325743986713,0.46095812460147867,0.21060711333918247,0.014511988713191105,0.030084896124888676,0.8375993704932848,0.058017463613132064,0.8374432944348412,0.058135146533950896,79.19534722222222,20.656131615059042
codel,0.2,100,100,orca,1,223.62950640858162,93.96670170588236,17.648658909545496,0.029041424001461605,0.016041693827434672,22.580953744741585,14.548552194805735,0.8384890389687524,0.1711124721445782,0.6451024285415019,0.22410669440132175,80.40950441919193,22.914601577006447
codel,0.2,100,100,orca,2,224.5289771236973,95.72248152380953,18.728825078722508,0.09518661609531959,0.045709432647479606,21.267964289738583,18.613531907974558,0.8536535582718247,0.17549486970100056,0.6571722272533502,0.23110177863689602,80.24477200255103,22.520282223073124
codel,0.2,100,100,orca,3,221.57062443460026,92.84156240909091,14.075992274439233,0.0047638609045899515,0.0015500119013153043,22.036038912259617,10.868156627032148,0.8375882067746339,0.127380502797348,0.6295371064353247,0.14896104147723907,80.30881218112245,19.748214952519234
codel,0.2,100,100,orca,4,223.56075142293594,90.27763257894735,17.723497718278054,0.058613732645986655,0.032243624229003814,25.655453021709736,12.891360562331606,0.8082094633022353,0.15618509055691332,0.5985393463643064,0.18889462892366637,81.45481928661616,21.655265455952147
codel,0.2,100,100,orca,5,222.40786756895497,89.58872099999999,11.397732709615152,0.060005791375856946,0.025141794754315532,22.878059974083534,13.331406519373724,0.8041212818903328,0.10886640324060924,0.5807544164815829,0.1750410193488305,74.81031644570707,23.002609330354986
codel,0.2,100,100,aurora,1,236.43093750000003,96.27321220000002,1.012215418276666,0.0037436974872874095,0.0007392467939535878,0.04302978515625,0.011576836323160948,0.8148704623660334,0.021397758568117656,0.8145065824882666,0.02135907190810826,81.29853377525252,30.604437894544528
codel,0.2,100,100,aurora,2,233.15466666666666,96.22788496,0.32224720413986474,0.0038650199491773317,0.000699115341052195,0.08514404296875,0.0644909520120422,0.826993807021385,0.03722425823808542,0.8262470184464427,0.037466306924938776,81.33457070707071,30.574457903374615
codel,0.2,100,100,aurora,3,236.4266354166667,96.25073412,0.7376413461948236,0.0036914606605249222,0.0006458201202792493,0.1409912109375,0.05632849719629584,0.8149044745801929,0.025082265947715034,0.8137015811820437,0.02530682920355678,81.35955571338384,30.559159733057406
codel,0.2,100,100,aurora,4,234.20752083333332,96.23448983999998,0.2795596159671895,0.0038414611387596097,0.0006467632661882735,0.017852783203125,0.008145964242577599,0.8227841078655147,0.02890552142666573,0.8226377361400674,0.02891036488168512,81.46901594065658,30.452707022425972
codel,0.2,100,100,aurora,5,236.44163541666668,96.23864444,0.2531360313838325,0.0037097701838866627,0.0007478879484231996,0.0164794921875,0.008790373704378443,0.8148320006092944,0.026534711366026576,0.8146947552447333,0.026527759926918658,81.37030855429293,30.554778045139063
codel,1.0,10,100,cubic,1,25.954446973444007,91.016079979604,0.8048294137131085,0.557236770679772,0.14498933954059845,0.0497289804311899,0.01118921954307619,0.70442659145262,0.00833109039470446,0.704035240985017,0.00827162061916847,95.15191051136365,2.4894741354112493
codel,1.0,10,100,cubic,2,25.91075083272295,91.001743157524,0.7839677327438311,0.5172838780169345,0.1582682445031849,0.05061809833233173,0.01489423884480104,0.7055695684075943,0.010824785235847931,0.705173095541899,0.010731366878158975,95.05957702020204,2.963457000018742
codel,1.0,10,100,cubic,3,25.91826484765052,90.88919904529199,1.0224079553862284,0.5464508239958275,0.13531965112607244,0.049737783578725964,0.01070732013333126,0.7039239359682475,0.01022628020515545,0.7035319844975096,0.010179035305346253,95.12819523358587,2.6969710927238197
codel,1.0,10,100,cubic,4,25.952017585729262,91.18737510433601,0.9369763587984755,0.5832503944291652,0.17560751352366682,0.06249794593224159,0.07397207638390724,0.7050971070869355,0.007976929889654693,0.7045981313506388,0.007566841820598686,95.12596669823235,2.7294453822480094
codel,1.0,10,100,cubic,5,25.958100464241223,90.81066044690039,0.9159836805286041,0.5817369316506454,0.17690625387571363,0.04929762620192308,0.012011055274947327,0.7029150657397594,0.009727324477983265,0.702523351380437,0.009679360446369495,95.12035432449495,2.6794998844586053
codel,1.0,10,100,orca,1,32.43151110198241,95.82867725,2.1576140513510724,0.16625480699063225,0.01994699773645713,1.3908973106971154,1.0026447287619953,0.5909461593760906,0.017059368033504482,0.5825319381472814,0.018263798465622462,93.24914930555558,13.593078279749621
codel,1.0,10,100,orca,2,33.1764705763899,95.89656458333333,3.6159137600958005,0.2444917071772832,0.020285696892627478,3.883068378155048,1.8281506470991697,0.5785578901062102,0.02504571951056077,0.5542848716680222,0.028293989753536145,93.23622474747478,13.611372494109412
codel,1.0,10,100,orca,3,31.708999877020265,95.58729383333333,1.5988717591667876,0.12161170246321536,0.008184208662439251,0.5479827293982873,0.7468738290110292,0.6025075105317822,0.014266691070515206,0.5988408158327662,0.016191219687808272,93.2328795770202,13.601404416629839
codel,1.0,10,100,orca,4,32.88760394041315,95.6552995,1.9122564967021238,0.0416056952901438,0.004977408321499277,0.5541185232309195,0.48382323249018483,0.5811883775770368,0.010319986922792226,0.5778472824332186,0.011654320520487418,93.23669428661617,13.608396793947092
codel,1.0,10,100,orca,5,32.070396025613775,95.82899029166667,2.1994030732090155,0.14950237789148454,0.00966398986436973,0.8503840519831731,0.6588121759071777,0.5979076315918491,0.014255269089352872,0.592207030830316,0.01333327101014371,93.2153945707071,13.641174588885766
codel,1.0,10,100,aurora,1,20.154011458333333,2.24646888,1.084960189712942,0.8782121523599683,0.24558053165824198,0.0,0.0,0.022418826223208257,0.01098763954416629,0.022418826223208257,0.01098763954416629,1.476489898989899,1.1097431109756284
codel,1.0,10,100,aurora,2,38.921304166666665,96.26860208,0.6547775776542333,0.0034198989385262925,0.00047561096337770195,9.345703125,0.37721955594615547,0.4959391162923483,0.026764018602388365,0.44780962863309487,0.024100552224766873,67.39334122474747,43.01646055415046
codel,1.0,10,100,aurora,3,20.15723854166667,2.25765436,1.122478339457748,0.8817489913981393,0.25033617027498173,0.0,0.0,0.022539310005059116,0.011354567245008839,0.022539310005059116,0.011354567245008839,1.496060606060606,1.140682778061796
codel,1.0,10,100,aurora,4,20.145443750000002,2.37553304,1.4424476205301033,0.8677713489864612,0.27010786943999165,0.0,0.0,0.023762994533404223,0.014607046610470851,0.023762994533404223,0.014607046610470851,1.5111363636363635,1.2336364774015112
codel,1.0,10,100,aurora,5,20.155038541666666,2.22548936,0.9813705298921199,0.883637847806867,0.24687950729030256,0.0,0.0,0.022197027496082617,0.009949601678948393,0.022197027496082617,0.009949601678948393,1.4476207386363635,1.1111077789582549
codel,1.0,100,100,cubic,1,204.83076630603307,82.29076425434442,6.795516440971544,0.5866812466051878,0.13849750810704972,0.016285822941706732,0.04714888898978416,0.8074470605265426,0.06470093511365471,0.8072732474514913,0.06489316593117742,77.7315743371212,18.097189771651255
codel,1.0,100,100,cubic,2,208.00773744166105,80.2954728336298,7.095212986667259,0.3025416355008209,0.10129083420442052,0.02288818359375,0.05871164858267514,0.780863893799954,0.08052909223972733,0.7806306089856152,0.0808132848628874,63.184828603316326,33.215014498189895
codel,1.0,100,100,cubic,3,204.1805600769615,86.77283934544403,4.881288094641597,0.5472085668190426,0.13277335857517425,0.014085036057692308,0.02972076112625243,0.8568688101667948,0.05267020321513926,0.856735945543411,0.05281495965484107,83.62687578914142,16.233476344357747
codel,1.0,100,100,cubic,4,204.73054860394353,80.353179570264,6.65758628695165,0.5680227362040103,0.13882915433275017,0.010123619666466346,0.03580035657125335,0.7887861982910742,0.06248844188425513,0.7886771176848422,0.06265454210530169,80.53693181818181,16.88572921879451
codel,1.0,100,100,cubic,5,206.07563509930765,86.12941672661218,7.462181155159589,0.3970713027565682,0.14659550904593302,0.02684959998497596,0.0697201504252664,0.8488494299000787,0.058098486151863596,0.848583575190666,0.05803776207477114,81.5515909090909,18.888659380398266
codel,1.0,100,100,orca,1,280.17422653985204,96.39547247058823,20.987806536214684,0.04207400681582125,0.023428164726823474,7.575553013728215,6.645972666995974,0.7313172479232084,0.24395053526503804,0.6696680776980924,0.2623176824328231,89.03929214015153,18.333109352338326
codel,1.0,100,100,orca,2,273.20621894063237,59.72158695744681,28.07368690569818,1.0,0.0,11.256584754356972,11.75332188656666,0.4650718074396588,0.24359806148485116,0.2587584216085829,0.13369056740554963,88.86667692550509,19.135546695880976
codel,1.0,100,100,orca,3,274.78843506735404,92.82538152631578,27.68772388364088,0.029765872132900214,0.01691138420583356,4.78671147273137,3.471597353182715,0.7031757026013065,0.31167642115969724,0.6672238251100076,0.3018982130826336,88.53390546085858,18.394290008786495
codel,1.0,100,100,orca,4,277.55181820108055,99.28274943749999,24.839887585560007,0.025079513385512685,0.012841064218881228,7.224303025465745,5.793469543864572,0.7543175427056159,0.267574064657253,0.6960049681937619,0.28789655197786324,89.28540956439396,18.336313961552612
codel,1.0,100,100,orca,5,282.2167026892537,92.7723675882353,28.505915728174717,0.0042202626646917285,0.0020643648584756625,4.336430476262019,3.7718753289335987,0.6893629183144698,0.25292345337112115,0.6518668559571485,0.25974004202434714,88.57043166035353,18.17488505102776
codel,1.0,100,100,aurora,1,359.9502395833333,96.23691688,0.5329816336006447,0.004097879174734274,0.0006249451009768029,0.019683837890625,0.05582246077523346,0.551887751622128,0.11400171829326092,0.5517438310383519,0.11378416677300321,81.58086016414141,30.40214120962829
codel,1.0,100,100,aurora,2,359.6356979166667,96.25825444,1.1629248007312587,0.004113027616740054,0.0005871302678053512,0.029754638671875,0.009910874219334854,0.5507292117031485,0.10603110349857885,0.5505564950944527,0.10597234872076376,81.45882181186869,30.451716289227473
codel,4.0,10,100,cubic,1,25.910727100749536,90.940067385772,0.950231119053425,0.6059457200622945,0.13289476478591564,0.048417311448317304,0.008750169236254773,0.7037871874297696,0.010512288175236015,0.7034070307779876,0.01046503820356051,94.8305839646465,3.7104986689940147
codel,4.0,10,100,cubic,2,25.889376948574704,90.9127148557356,0.849176190613307,0.5644302873732933,0.14778017154950096,0.04797715407151442,0.008575729753669777,0.7028319209086239,0.008186777230644239,0.7024519688663909,0.008153433251495461,94.81184895833333,3.7871627722071275
codel,4.0,10,100,cubic,3,25.973433169059312,90.95790118696401,0.9623373268813251,0.5693689302011945,0.13860835812968575,0.04929762620192308,0.011104534699346557,0.7028460065048111,0.00918230597107772,0.7024588076640411,0.009136863560377583,94.79535274621216,3.8645323439111934
codel,4.0,10,100,cubic,4,25.955022272627893,91.03202786422362,0.7943424034720572,0.503259878775111,0.15418669063580737,0.049737783578725964,0.01445486475611094,0.7052742845389237,0.009803358313865428,0.7048748250565029,0.009714174619838608,95.12610006313135,2.705542335097262
codel,4.0,10,100,cubic,5,25.947952617808845,91.05084895902799,0.806329940952081,0.6516489201526033,0.12402918230195457,0.04797715407151442,0.010744889793091114,0.703832701040187,0.007343085457686143,0.7034528271593898,0.0073293509914917464,94.80091777146468,3.800933436497247
codel,4.0,10,100,orca,1,34.10650669878196,95.77791075,2.3720596970287446,0.27824747462014465,0.02719995659385231,0.2055534949669471,0.06715884272474908,0.5636445448380428,0.022455858744328653,0.5624390645187588,0.022374225812925693,93.2447206439394,13.601692936351705
codel,4.0,10,100,orca,2,36.82937937402496,96.14233233333334,3.404957924721304,0.27448137362837177,0.04170181526536923,0.4885702866774339,1.470091252458546,0.5264216245201363,0.020802643203055072,0.5237046860567299,0.019673071382596222,93.21062184343434,13.634919678766336
codel,4.0,10,100,orca,3,34.47249561519998,95.40734679166667,2.670795841496689,0.35253369360280046,0.019616743792839505,0.18618657038762018,0.04239663850554386,0.554277248653174,0.018786385553211733,0.5531944969530621,0.018790518104304054,93.20940814393943,13.649326776835709
codel,4.0,10,100,orca,4,34.54853962263502,95.58195279166665,3.79760730476507,0.11425857380621311,0.006349499772451213,0.17870389498197115,0.06235313583156332,0.5540818586196549,0.02344464813056089,0.5530160768722862,0.023494432828657083,93.21536458333333,13.624052075767674
codel,4.0,10,100,orca,5,31.91875703586177,82.20596944594595,13.074214694764875,0.4698921518849358,0.03608693835756098,0.17958420973557693,0.05227024060620537,0.5214932242676493,0.10990453573376346,0.3771267760596707,0.016608067936900752,93.22902619949497,13.621897225296886
codel,4.0,10,100,aurora,1,20.165028125,2.1919658799999997,0.8989331291439462,0.884117379995401,0.23429916864840794,0.0,0.0,0.021844676569833524,0.009106877060763902,0.021844676569833524,0.009106877060763902,1.4377320075757574,0.9687592423552174
codel,4.0,10,100,aurora,2,20.163096874999997,2.36477712,1.3573451646935133,0.8630584026783645,0.2741769785989722,0.0,0.0,0.023635105901703143,0.013750352559203432,0.023635105901703143,0.013750352559203432,1.46314788510101,1.1020803843981748
codel,4.0,10,100,aurora,3,90.33748854166667,96.25171947999999,0.8709154701019678,0.003833328934050262,0.00074547629960801,7.0916748046875,4.287986204073033,0.2250177356963167,0.06923835505905838,0.20775965157229814,0.059082460763474516,67.46976483585857,42.97604115112826
codel,4.0,10,100,aurora,4,20.155714583333335,2.1733173199999998,0.8107441225818269,0.8856667976621445,0.23248278507544437,0.0,0.0,0.02166053872868733,0.008208056844470138,0.02166053872868733,0.008208056844470138,1.4465988005050507,1.028783000337614
codel,4.0,10,100,aurora,5,20.152942708333335,2.2659965599999996,1.1491996248229708,0.8736375567024628,0.24928713553550697,0.0,0.0,0.02262188380753527,0.011636699537083784,0.02262188380753527,0.011636699537083784,1.43293639520202,0.9858991245388166
codel,4.0,100,100,cubic,1,204.81661102116482,85.28321715620883,5.559635954279902,0.42902274162969767,0.18869652671236883,0.012746957632211538,0.02591765330859425,0.8413148459865819,0.05957200870207447,0.8411777404197619,0.05969463620123006,83.73440419823233,16.933113694486874
codel,4.0,100,100,cubic,2,203.96619509972737,83.5380906563994,5.951864469225154,0.657067779615873,0.1678578777779278,0.00923450176532452,0.0248619994499218,0.8260291528572035,0.06074983503677503,0.8259345965696703,0.06090571900263567,81.51860321969698,16.710792595610727
codel,4.0,100,100,cubic,3,206.31617373719425,86.02393377002929,5.733637995681065,0.3844194156978384,0.10466686231749986,0.014965350811298076,0.04303577837124564,0.8404409459327518,0.056757879331549126,0.8402796757061837,0.05690296156903817,80.92473484848485,16.46805892458806
codel,4.0,100,100,cubic,4,204.83610611243373,85.39339390753625,5.254819723007642,0.5087760600871076,0.1543847653492149,0.011435288649338942,0.026491071286712783,0.8390829386920351,0.054292880293943704,0.8389603368544013,0.05438495859869657,83.69841198979593,16.93235103232508
codel,4.0,100,100,cubic,5,207.04858559950597,86.30532263073897,4.876004776945709,0.5417243857239423,0.12534070356135346,0.0171661376953125,0.0559942466250232,0.8450492700533027,0.06223006511670625,0.8448645529699377,0.06223113510948773,82.00206833964646,16.306712975735664
codel,4.0,100,100,orca,1,350.32096631329625,95.28588207142856,20.49188921551617,0.019763169625622527,0.012351918453802315,2.960498516376202,1.26885108107832,0.5307488761123039,0.17208986969864762,0.5160934084068562,0.1673647315482024,88.2024155618687,18.281260216659028
codel,4.0,100,100,orca,2,306.57383331926235,99.49685452941175,22.63181536519471,0.016384906960290428,0.011021173546425149,1.8182901235727162,0.7604757142711975,0.671413815335356,0.23182174482056572,0.6597176971190414,0.22597357226872739,87.90813999368689,18.14091976078196
codel,4.0,100,100,orca,3,353.98321282792494,97.66843484615384,18.594424711223894,0.0075754853419354356,0.0049092896896947204,2.837998316838191,1.3685366776195935,0.6352806992316268,0.1875850076305549,0.6156962040169148,0.17664954572677655,87.7654616477273,18.252771989065355
codel,4.0,100,100,orca,4,298.78922359068184,86.6349225,23.43976879330973,0.025340035838270984,0.018640010696642496,2.232038057767428,0.9023837614549058,0.5923938272963474,0.22934126013351902,0.5777963830339912,0.22310050680324167,88.65434185606063,18.292157388412917
codel,4.0,100,100,orca,5,333.2882354208816,100.90575899999999,21.545880054475564,0.015353501648182666,0.011319392608205596,3.1061906080979567,1.0800078617144222,0.6190693080018241,0.22643789227359043,0.5999524460101239,0.21889281973250405,88.7197182765152,18.17512930357765
fq,0.2,10,100,cubic,1,34.43694371164388,90.176716040284,0.6639109053452805,0.9608783739192279,0.030081522730257524,0.09815509502704327,0.06619182577661958,0.5228435070799061,0.007347969361482899,0.5222606052601512,0.007373358864061665,95.12719618055556,2.4012968887578845
fq,0.2,10,100,cubic,2,34.487337679210746,90.41466996358,0.8279796071818465,0.9682954323422625,0.02553248760441622,0.09945355928861178,0.07759769701137731,0.5239827218702348,0.008414645416987712,0.5233951399695651,0.008159953437418302,95.13750710227275,2.3060440766567103
fq,0.2,10,100,cubic,3,34.074517379531706,89.947776915724,0.9593163147811041,0.9635465976862981,0.0270494232640478,0.07878817044771634,0.07565761172244809,0.5278448616025752,0.008927657475502147,0.5273789987689315,0.008892913661793518,95.13536852904043,2.325123830646672
fq,0.2,10,100,cubic,4,34.381243672022016,90.32462120776,0.8362826999691874,0.9643508774904709,0.02182443331343793,0.09595430814302884,0.061422002404844474,0.5244793770587847,0.008053208755334692,0.5238987477201315,0.007830176475268394,95.13495501893942,2.3274214170393783
fq,0.2,10,100,cubic,5,34.289908319025415,90.44207323358802,0.8031134243812708,0.9667915803664218,0.027207102400442135,0.09375352125901443,0.10986419824070812,0.5277612518481869,0.00972300201336437,0.5271913822010822,0.009373571986570803,95.12841540404042,2.396044168031736
fq,0.2,10,100,orca,1,32.5186473243139,83.27461932,11.808826685235722,0.9422937074228172,0.08985922857305394,1.7672318678635817,2.661592014680049,0.519271688808135,0.10361714616757746,0.41145161954809895,0.03924195542232888,93.21804845328283,13.628202047341048
fq,0.2,10,100,orca,2,31.146445785317624,95.575426375,0.4023004837365722,0.9601949204797825,0.03635735919916671,0.5427140455979568,1.0706444129566712,0.6136494583811355,0.005812019060303748,0.6099416580245177,0.009975101876470846,93.22036695075761,13.631868275237315
fq,0.2,10,100,orca,3,31.69895523639987,95.57429925000001,0.9738383058860763,0.9420676516517684,0.0383877297334197,0.7280203012319711,1.567137323265314,0.6020529320463106,0.00866143236433537,0.5975523589692627,0.017517960276862143,93.24516650883842,13.59726827113948
fq,0.2,10,100,orca,4,31.552270745997816,95.58613725000002,0.4836004598924547,0.952836155929079,0.04154239200607605,1.1307643010066106,1.8891502966630054,0.6057459945529908,0.004297358898915308,0.5979795040257312,0.013633992217552663,93.25432212752528,13.598828901950073
fq,0.2,10,100,orca,5,30.65196400300294,95.59685308000002,0.2640903097108277,0.9492055353369782,0.038493358346208685,0.3235156719501202,1.0434780770449863,0.6233438683519159,0.004423450099823537,0.6211761575377422,0.010362148114546573,93.24291903409095,13.60000438932577
fq,0.2,10,100,aurora,1,20.1609875,2.43094856,1.4813664529806052,0.8540704224178672,0.28536904813275854,0.0,0.0,0.024315835545926284,0.014999696958120956,0.024315835545926284,0.014999696958120956,1.5116145833333334,1.220314840440575
fq,0.2,10,100,aurora,2,24.144236458333335,96.22613319999999,0.057247671626594415,0.005134682903919809,7.542900172174539e-05,0.005035400390625,0.006672994874777184,0.7971071520960852,0.0009581304437112325,0.7970676655046344,0.0009607814670664646,43.60349826388889,46.86452927116138
fq,0.2,10,100,aurora,3,20.150960416666667,2.3210109599999997,1.30838033831456,0.8667760465800334,0.2593726414076166,0.0,0.0,0.023192113653896243,0.013245442220676997,0.023192113653896243,0.013245442220676997,1.5297285353535353,1.2347730817460933
fq,0.2,10,100,aurora,4,20.152132291666668,2.42256864,1.4754840771441442,0.8489245568895771,0.28153724820205384,0.0,0.0,0.0242481522009808,0.014935723838432348,0.0242481522009808,0.014935723838432348,1.4611987058080809,1.124134335143298
fq,0.2,10,100,aurora,5,27.92074375,96.69152072000001,1.8333028336495456,0.009844486088821157,0.0012127912787195845,0.032501220703125,0.011763873249137325,0.6933768638266153,0.024598331379846957,0.6931412711606878,0.024568318392043098,67.49676057449494,42.998058667115295
fq,0.2,100,100,cubic,1,206.27431385765453,89.11751976796256,3.777444496150703,0.525122661485141,0.27256165669483334,0.14129051795372596,0.356408667263448,0.8721972824980924,0.03946894699336455,0.8707368996419514,0.039580310695623996,81.6686221590909,22.270275503113247
fq,0.2,100,100,cubic,2,208.21863127398086,90.7003599996724,2.809101131520546,0.6424136625745817,0.1776966699315036,0.2350440392127404,0.7031347659239767,0.8782702260189836,0.03583482309284167,0.8758510353760575,0.039417162623338685,76.53006944444444,27.08888866230215
fq,0.2,100,100,cubic,3,208.2569545778529,90.45011009068392,3.9621578284401546,0.6781014585658699,0.2537989862815117,0.17386216383713943,0.42195059216751474,0.8773470606967261,0.047346786287277225,0.875508739947537,0.047820974676938174,75.12400331439395,24.790661759011765
fq,0.2,100,100,cubic,4,207.7616653127066,89.92649048168201,5.065644401948689,0.6971258532703319,0.20928707076441125,0.24164639986478365,0.7509649446259778,0.8734347213747817,0.05724062788676283,0.870903470075049,0.058998972112921676,77.6555634469697,27.600959114483512
fq,0.2,100,100,cubic,5,208.62918969972037,89.78286379647172,4.111565079615734,0.6279281742385419,0.16706129948477383,0.25309049166165865,0.41351451001914186,0.8691906071646959,0.04546328182809814,0.8665389363537196,0.045325181319237046,79.47976089015151,22.080926714945473
fq,0.2,100,100,orca,1,213.36655476645717,92.31308110526315,11.96014467837339,0.5349214777567272,0.1728831520569778,28.859798724834736,12.392481886049861,0.8598187792340735,0.11511319628568639,0.5778513881001879,0.18245064315492976,90.0931226325758,18.618433004808434
fq,0.2,100,100,orca,2,213.79885367312986,95.55832666666669,15.290842737533794,0.6280326900250213,0.17670002836084311,26.681627126840446,13.6156786192057,0.9031552031025557,0.14065667412404517,0.6690577137084551,0.20947202347422184,89.00239662247476,19.282516195008746
fq,0.2,100,100,orca,3,213.47230373541595,94.68956866666666,13.251823801827125,0.5678389903579508,0.18805505183241988,25.988211998572716,10.619753302024211,0.8865930491693362,0.12389879832176846,0.6380893162365623,0.1700721288289805,88.60281013257578,19.234423737054456
fq,0.2,100,100,orca,4,212.85746019213929,96.60983068421052,8.269242113417151,0.6043542346160167,0.18210508517908602,24.869772104116585,15.111900188241945,0.9069255080001682,0.07527038959048583,0.7020778851009202,0.14208395034415433,88.96756234217175,19.086125243534102
fq,0.2,100,100,orca,5,212.80988217017705,96.24980255555555,16.387219876079328,0.5868972179297329,0.19999899052110218,27.68369821401743,9.42673924347822,0.907418606330225,0.1574463855873671,0.6454689559131508,0.21470002561500479,88.19253472222225,19.32088619517429
fq,0.2,100,100,aurora,1,214.52383333333333,96.3464032,0.2097116562036218,0.7872631995324844,0.3181133924036355,0.010986328125,0.010694767584896993,0.8983279726989263,0.006408385551155559,0.8982256509224434,0.006382622902936227,81.40480902777777,30.545331038952742
fq,0.2,100,100,aurora,2,214.5205,96.41123239999999,0.32386657501302246,0.7924780940665422,0.3155666732745203,0.0054931640625,0.0067056258511531625,0.8989679372518459,0.007105884258843307,0.8989145498899699,0.007103214503416848,81.34687657828282,30.567635917690346
fq,0.2,100,100,aurora,3,214.51137500000002,96.40157439999999,0.28696480502958277,0.7825338150591166,0.32087852621223323,0.010528564453125,0.008690479850688566,0.8989083517961053,0.006967596744044295,0.8988104159359741,0.006945139809440529,81.51725615530303,30.434963095765276
fq,0.2,100,100,aurora,4,214.48547916666666,96.28544480000001,0.12135448810956016,0.7893584321042095,0.3164857358732987,0.0128173828125,0.008305183813887498,0.8978728685497259,0.005594773712432059,0.8977527010507534,0.005572634899149342,81.26052398989899,30.666711326488816
fq,0.2,100,100,aurora,5,214.569625,96.31384240000001,0.1593303148933045,0.7866234730727257,0.3191308882855753,0.007781982421875,0.0091790843319061,0.8978096381373785,0.0060912474631713825,0.8977384118103524,0.0060697159449565954,81.3969649621212,30.524831855177283
fq,1.0,10,100,cubic,1,34.09287134679785,90.32686411370801,0.8884680581945235,0.9674761845089881,0.02611349152995584,0.09111257699819711,0.12255252448417775,0.5298610032401792,0.009959143575533387,0.5293078210975644,0.009742109992880763,95.13819049873739,2.3062254838816107
fq,1.0,10,100,cubic,2,34.272325360719925,90.28483845782799,0.9786469809841907,0.7897531031324257,0.2590582545385432,0.09023226224459134,0.06588672239716231,0.5271738266533159,0.010113347257148894,0.5266420731231682,0.010084826796922039,95.1313099747475,2.363020663493883
fq,1.0,10,100,cubic,3,34.44676403224164,90.227569459632,0.8474088567063451,0.956433193128984,0.02359840032349431,0.09639446551983173,0.061430202829762505,0.5230032883722558,0.008107934665234077,0.5224289072131422,0.00813177631461841,95.12369554924246,2.4414248436652817
fq,1.0,10,100,cubic,4,34.092639667915876,90.21318426529601,0.8543459816691075,0.9664251035642328,0.022499227727620152,0.09023226224459134,0.10751732090565203,0.5294189220903812,0.008638721757464118,0.5288804655565221,0.008369206603383143,95.13467881944447,2.3389104468044413
fq,1.0,10,100,cubic,5,34.12913820047843,90.33973077077599,0.7812001278278246,0.9694633374986081,0.02236472555277151,0.0889117901141827,0.11450076372411987,0.5295376974517717,0.008350971165643943,0.5289996996477346,0.00835435419262413,95.12182054924246,2.3664918469525014
fq,1.0,10,100,orca,1,32.767405471514465,95.64241816666667,0.17649085482075766,0.9624474031953739,0.028805398233392735,0.6606762225811298,2.077741748929422,0.5824875776906239,0.0034157496759170056,0.578428686397772,0.012217225055221766,93.19614267676768,13.693127648800868
fq,1.0,10,100,orca,2,34.5698067795293,49.14030923232324,27.08281964539592,1.0,0.0,4.201302161583533,5.077565251997999,0.32339754610394783,0.25104253694344214,0.10116822301866829,0.026451193900251725,93.21574810606064,13.638879093644176
fq,1.0,10,100,orca,3,31.252081470228354,95.60794867999999,0.5332623808251538,0.9620406709297201,0.04087188519554209,0.4942967341496394,0.8035481534597806,0.6119093545545239,0.00600668021471653,0.6087472089773273,0.0073766379680227645,93.23992976641416,13.591631183920056
fq,1.0,10,100,orca,4,30.86089091431485,95.59022599999999,0.5755845267002764,0.9659514782641122,0.04938582400986936,0.45644319974459135,1.0027758443583545,0.619352518881758,0.008037346728879206,0.6161632366837141,0.01194385489620506,93.21435132575759,13.64142122995667
fq,1.0,10,100,orca,5,30.414198933074637,95.62492447999999,0.47387225900289703,0.9590861741231299,0.030565102231898154,0.18486609825721154,0.534944322192884,0.6288988266227119,0.005078803970012635,0.6275872838236722,0.007469432762448128,92.13193734217172,14.163816410294421
fq,1.0,10,100,aurora,1,20.148208333333333,2.16353392,0.7929892348565185,0.8876214354270096,0.22851075972159357,0.0,0.0,0.02156717979578839,0.008030809057450534,0.02156717979578839,0.008030809057450534,1.4329655934343435,0.9760675262134964
fq,1.0,10,100,aurora,2,20.156673958333332,2.29165496,1.1774401147951035,0.8658856727712921,0.25798791944218413,0.0,0.0,0.022884180636317347,0.011924576116287,0.022884180636317347,0.011924576116287,1.4688596906565656,1.1038046973238889
fq,1.0,10,100,aurora,3,20.196028124999998,2.22449372,1.0084963504278917,0.8828593720969147,0.2435544944286788,0.0,0.0,0.022151124845884856,0.010221098781750712,0.022151124845884856,0.010221098781750712,1.4727943497474747,1.1118629207458943
fq,1.0,10,100,aurora,4,20.154734375,2.3121696,1.2346265458434182,0.8704919306798898,0.26468367234074147,0.0,0.0,0.023092720218843805,0.01250006104056684,0.023092720218843805,0.01250006104056684,1.5241635101010103,1.3274107787642548
fq,1.0,10,100,aurora,5,20.154713541666666,2.3722515599999996,1.3756797552707072,0.8633497676364896,0.2753516398098894,0.0,0.0,0.02371881407612228,0.013950344152057256,0.02371881407612228,0.013950344152057256,1.4507173295454543,1.1028496335174836
fq,1.0,100,100,cubic,1,208.30464467396123,90.3883452827964,3.6366281995328746,0.8271854006998102,0.20239710868260646,0.36180936373197115,1.4960998316486267,0.8759482576131115,0.044398691406199516,0.872091659508566,0.04481080727117914,74.18435921717172,26.753403126864168
fq,1.0,100,100,cubic,2,207.10002438435913,90.66585613657092,2.118117021686111,0.5522646592096648,0.17572237485539174,0.1998314490685096,0.4556212542000422,0.8823718728226013,0.030338362291377565,0.880272654174571,0.03064119343818048,81.46014110331633,20.463362125322533
fq,1.0,100,100,cubic,3,207.1779915113519,90.02766845480211,3.8087072722779083,0.6872895006131194,0.18218048103377668,0.5616408128004807,1.9271712578854912,0.8742089446832061,0.04243618985415647,0.8685035217439222,0.04731254387070013,81.46396701388888,20.847423655881325
fq,1.0,100,100,cubic,4,207.2127105229781,90.41014533643889,3.4797333188234076,0.6404453599920956,0.27334996148254376,0.12236375075120193,0.2680512023501044,0.8806499489169073,0.04403539398071809,0.8793423149267343,0.043239787304481754,77.93963675902062,27.79649067802397
fq,1.0,100,100,cubic,5,208.51708429087276,90.43396105181502,3.1366563717161084,0.6433194370143223,0.2050573132384635,0.1483330359825721,0.29706147989903586,0.8761920872340078,0.03514683267383134,0.87464725713584,0.03473342120830647,73.5367250631313,35.01401249720597
fq,1.0,100,100,orca,1,213.20116758655604,95.26454063157895,13.417944842005058,0.6499979522581184,0.1817862199642241,24.94371854341947,11.147336400029593,0.8963897788963828,0.13072623168724845,0.660333897751236,0.16478763465326496,91.44846590909093,18.20296360572617
fq,1.0,100,100,orca,2,212.80663370926234,96.33592175,9.008452885267614,0.5958263807686341,0.20199152559117056,26.934678004338192,12.335297366925177,0.8956835533373695,0.08184627029808476,0.6263270304480161,0.15257538442199967,91.31954782196972,18.155094620726683
fq,1.0,100,100,orca,3,213.23203504087863,96.77009147058823,12.12752894902749,0.6140106539686901,0.18421722919705757,26.00273719200721,12.15154239553295,0.9038900048153294,0.11544351286539113,0.6401280999293575,0.1587222889900819,91.43313525883842,18.051591839611216
fq,1.0,100,100,orca,4,213.7216883047648,94.46861529411765,7.592938813382535,0.568736814217158,0.15482400786992076,24.157157311072716,12.295973334671888,0.8825294189004168,0.07063165112700358,0.6525308398415948,0.12053992458613053,91.52581991792931,18.15727317783485
fq,1.0,100,100,orca,5,212.8179258067755,70.71109354687499,22.590860072930294,0.772893405122682,0.1540108284142753,24.28304232083834,8.125324728664292,0.6700243930747509,0.21873779305825566,0.2406478768283947,0.1278402118835007,90.9942684659091,18.44900558921413
fq,1.0,100,100,aurora,1,214.5097395833333,96.3878684,0.27255707785526084,0.7858772374321302,0.3198870280612211,2.6165771484375,0.4917618260400496,0.8987841959549411,0.006673857938695469,0.8742467407599118,0.0035431961809323778,81.47040482954546,30.450644768802245
fq,1.0,100,100,aurora,2,214.60071875000003,96.2509508,0.06363078047873744,0.7904562197207131,0.31629141594317506,0.011444091796875,0.009910874219334854,0.897059219965437,0.005217781767379799,0.896948109260407,0.00521755652922938,81.51252998737372,30.404445243007313
fq,1.0,100,100,aurora,3,214.49727083333335,96.4526504,0.38151305241411154,0.7905912726017522,0.3165440774206907,0.00732421875,0.0080108642578125,0.8994777100600934,0.007501530266679894,0.899406571612842,0.007501371679043646,81.63041272095958,30.29219936963768
fq,1.0,100,100,aurora,4,214.55330208333336,96.23254239999999,0.03321050991779836,0.7903724155134703,0.3160747066200561,0.02288818359375,0.012794883599280108,0.8970871469333251,0.005045501108028495,0.8968741204023271,0.005110336999982818,81.34090672348485,30.569757865914234
fq,1.0,100,100,aurora,5,214.49901041666666,96.33695319999998,0.20001232167710706,0.7909163592670714,0.3162563829123386,0.01190185546875,0.008409655641574327,0.8983344817645494,0.006301935850114346,0.8982233788340919,0.006305567443461642,81.41607244318182,30.534830239101787
fq,4.0,10,100,cubic,1,34.67005754599088,90.107072141472,0.9092764555412752,0.9660437853708653,0.01799627322707898,0.11620154747596154,0.10689993751763655,0.5192774695459061,0.005191750919073053,0.5185843886973042,0.005148060712933207,95.13128866792933,2.3647016179741787
fq,4.0,10,100,cubic,2,34.36256671858901,90.152967178608,0.7999582675063901,0.9610600280566544,0.022173421823303216,0.10211651141826923,0.09992064952184893,0.5248728700950597,0.007885904518591209,0.5242579995192763,0.007632438820970069,95.12724037247477,2.4060674833260043
fq,4.0,10,100,cubic,3,34.59237780725044,90.128694135748,0.8263031314924516,0.9631895606177917,0.02172007758578267,0.11444091796875,0.10039541106931141,0.52052386463667,0.007079012112384096,0.519842907590947,0.0066004396967155095,95.13233743686872,2.355074581687447
fq,4.0,10,100,cubic,4,34.29945935036295,90.85111232257601,0.8310255727621498,0.7927479661214456,0.24733073650312964,0.09859525240384616,0.12540873884155226,0.5303250019162045,0.007954221024431503,0.5297263487980517,0.007876066275413941,95.13050978535355,2.3729584207433088
fq,4.0,10,100,cubic,5,34.68128908184539,90.304523347088,0.9017481283012326,0.9620225645473702,0.023583568338060277,0.11312044583834134,0.08907750093619717,0.5205009481679064,0.005215804916729481,0.519822261777436,0.005005711807729526,95.13444444444445,2.331880355569692
fq,4.0,10,100,orca,1,31.84598577412854,95.89754566666666,1.4999357327017475,0.9579977891095638,0.05488720788855373,1.176122518686148,1.365739738699777,0.6019368815931497,0.007956576317504635,0.5939820223606868,0.011105998088249512,92.71941840277779,15.266553997860477
fq,4.0,10,100,orca,2,30.838811701825847,95.58281536,0.3569633945175488,0.9657632561940617,0.04231840333738884,0.3741337702824519,1.4249719497539615,0.6188424888780382,0.005279960140788491,0.6162523560990938,0.01365324055274009,93.2027840909091,13.700528161041778
fq,4.0,10,100,orca,3,30.61395285541068,95.52017666666666,0.7065639765120905,0.9500809971099594,0.05468326652954924,0.9573422945462741,2.0496210383477096,0.6233521794655266,0.00727976945445413,0.6187800276671599,0.015136900302582221,93.31280054209185,13.572352985903033
fq,4.0,10,100,orca,4,31.16534418103707,95.58495796,0.8092349152613489,0.9527575411535801,0.046220777966702514,0.5330305833082932,1.2234378497701242,0.6122145581909317,0.008701063090233826,0.608640746265506,0.014385199917216037,93.22974668560609,13.61858394163747
fq,4.0,10,100,orca,5,30.715485291231786,95.55462435999999,0.5310096061144506,0.9649490065859642,0.04530340373707845,0.3921802227313702,1.2337837425493083,0.6220342475192127,0.006389529932396903,0.6193356044055631,0.013206505432290008,92.7536197916667,15.15655157525452
fq,4.0,10,100,aurora,1,20.156686458333333,2.2268879999999998,1.021656731437554,0.8998068223354823,0.24814047673135362,0.0,0.0,0.022207610470147836,0.010342568282848035,0.022207610470147836,0.010342568282848035,1.405084438131313,0.9529315422967412
fq,4.0,10,100,aurora,2,20.159452083333335,2.15700056,0.7681341065359333,0.8916345817805578,0.22886070543357948,0.0,0.0,0.021494073076215297,0.007785109165769724,0.021494073076215297,0.007785109165769724,1.4626641414141415,1.0808070014927338
fq,4.0,10,100,aurora,3,20.161606250000002,2.14863452,0.7388632602143038,0.895312592463027,0.2273319364560862,0.0,0.0,0.02140048231521191,0.007490423653937024,0.02140048231521191,0.007490423653937024,1.400418244949495,0.8934758287079249
fq,4.0,10,100,aurora,4,20.154617708333333,2.1984858,0.8863130276879702,0.8850128566216301,0.24266780508183247,0.0,0.0,0.0219265884601498,0.008970648570966827,0.0219265884601498,0.008970648570966827,1.4666698232323232,1.0379638574157057
fq,4.0,10,100,aurora,5,20.15606145833333,2.2184992400000003,0.9919106267536691,0.8812145474592502,0.23999740154733443,0.0,0.0,0.022133602997006268,0.010049808701799506,0.022133602997006268,0.010049808701799506,1.4088036616161614,0.9102422025772736
fq,4.0,100,100,cubic,1,207.91255743472018,90.41383807715616,3.0892610527957003,0.6868239025599862,0.23872271087476243,0.1426109900841346,0.24136413341439586,0.8792271666733047,0.03680024806852301,0.8778204225777064,0.036759616181946245,81.36635811237373,21.71569293574789
fq,4.0,100,100,cubic,2,207.48428075534397,90.76728828080884,3.7921237351426633,0.5741621590737437,0.24633644754839565,0.17606295072115385,0.3163885026013686,0.881940869018946,0.0398075360024008,0.8801041089328548,0.040309437231815314,78.44501972853534,22.231722623091688
fq,4.0,100,100,cubic,3,207.69707828284763,90.41651874637444,4.47195024867836,0.5771630865853951,0.15144066787541288,0.23548419658954328,0.7792488618244355,0.8790714371598006,0.04714747241658965,0.8766052504896947,0.050473919641630345,85.07552083333333,18.910274269806568
fq,4.0,100,100,cubic,4,208.91500878701845,90.97576319176876,4.445661735111765,0.8031603432630076,0.21052119894144947,0.44235816368689906,1.8941902932770363,0.8780304334065013,0.04651626978528186,0.8733990732876439,0.04939524954398624,81.17355787627551,23.49490149771046
fq,4.0,100,100,cubic,5,206.29993090317723,88.47200385446071,5.048694055072178,0.8337005684091419,0.22475530145925285,0.49913846529447115,2.023947285487213,0.8651959481188984,0.04861128822822801,0.8599113978475587,0.05428797981708968,76.61394333964645,24.160284579757363
fq,4.0,100,100,orca,1,213.60862533393936,70.35540304838709,20.84895565456774,0.7384337937715909,0.1761172275865299,28.248860285832333,15.504065365295464,0.6631634558751918,0.2049540492012057,0.1944862914686903,0.15691604300214035,91.3742069128788,17.86145261729931
fq,4.0,100,100,orca,2,212.70591136079122,94.19104584210527,12.474703767516894,0.5884424546708577,0.24880795764502595,25.51724360539363,10.722967966862532,0.8896486678465914,0.11809333303230449,0.6799807454091932,0.1324066649016881,91.52300662878788,18.067116642270733
fq,4.0,100,100,orca,3,213.29542784586442,96.5495836111111,11.282763455777232,0.6064185810932069,0.20034565029582163,25.061680720402645,11.141789539016614,0.9029400828031338,0.10448796147375976,0.643455070470019,0.16900593199796174,91.47983980429295,18.143256957911884
fq,4.0,100,100,orca,4,213.23488740350393,94.71285747368422,11.893592299248247,0.5228296716244706,0.17155644703400272,25.360987736628605,12.454370728562894,0.892585168920071,0.11295315508622539,0.6410970276659317,0.1845914487012522,91.2140664457071,18.384201211609025
fq,4.0,100,100,orca,5,212.6372947071872,94.85901189473684,13.583976898762652,0.5893709012878025,0.1893697073591458,25.710912851186897,11.737915672496602,0.8914416962238736,0.13400680285063327,0.6501383958118024,0.1984258125354638,91.54283301767678,17.294825952753254
